House,PL,CFG,sellin_g,epos_g,gap,vol
Burberry Make up,Burberry Beyond Wear Radiance Primer (00006888),P_US_ALL_OTHERS,0.7457244655581948,0.8,-0.05427553444180522,29398.0
Burberry Make up,Burberry Kisses Reno (00005785),P_US_ALL_OTHERS,-0.8099602282552308,0.4393939393939394,-1.2493541676491702,2198.0
Gucci,Gucci Bamboo EDP (00003448),P_US_ALL_OTHERS,-0.7095097977837601,-0.8150389653457139,0.10552916756195374,4640.0
Gucci,Gucci Bamboo EDP (00003448),P_US_ULTA,-0.8543417366946778,-0.735140771637122,-0.11920096505755584,624.0
Gucci,Gucci Bloom Chrysalis (00006776),P_US_ALL_OTHERS,-0.8600544792237517,-0.6083881809270411,-0.2516662982967106,17365.0
Gucci,Gucci Bloom EDP (00004476),P_US_ALL_OTHERS,-0.564376556606639,-0.5160777485474194,-0.0482988080592196,78884.0
Gucci,Gucci Bloom EDP (00004476),P_US_ULTA,-0.3199291637871458,-0.2689155481648652,-0.05101361562228063,15745.0
Gucci,Gucci Bloom EDP Intense (00006292),P_US_ALL_OTHERS,-0.6651076010836784,-0.45649864812668983,-0.20860895295698856,13103.0
Gucci,Gucci Bloom EDP Intense (00006292),P_US_ULTA,-0.6093223763976828,-0.7199175157690442,0.11059513937136134,2900.0
Gucci,Gucci Bloom EDT (00005943),P_US_ALL_OTHERS,-0.03760516896760099,-0.4464935575882758,0.40888838862067484,20704.0
Gucci,Gucci Bloom EDT (00005943),P_US_ULTA,-0.5339576524867492,1.195519967565376,-1.7294776200521254,16970.0
Gucci,Flora Gorgeous Jasmine  (00005984),P_US_ALL_OTHERS,-0.3853964764081349,-0.5000435224140433,0.11464704600590836,21245.0
Gucci,Flora Gorgeous Jasmine  (00005984),P_US_ULTA,-0.8923256802721088,-0.45262709154854525,-0.43969858872356354,3039.0
Gucci,Gorgeous Gardenia (00005915),P_US_ALL_OTHERS,-0.6506649099280996,-0.4900209443079308,-0.16064396562016875,253473.0
Gucci,Gorgeous Gardenia (00005915),P_US_ULTA,0.21316763778942446,-0.31846944987344206,0.5316370876628665,277540.0
Gucci,Gucci Flora Gorgeous Gardenia Intense (00007022),P_US_ALL_OTHERS,-0.004157438342280116,-0.37410364348962116,0.36994620514734106,318339.0
Gucci,Gucci Flora Gorgeous Gardenia Intense (00007022),P_US_ULTA,-0.4099976230961915,-0.29773067528169567,-0.11226694781449581,32269.0
Gucci,Gucci Flora Gorgeous Magnolia (00006454),P_US_ALL_OTHERS,-0.19294006408572778,-0.3235982320825028,0.13065816799677504,30728.0
Gucci,Gucci Flora Gorgeous Magnolia (00006454),P_US_ULTA,0.6133481030185545,-0.40279749697638956,1.016145599994944,29129.0
Gucci,Gucci Flora Gorgeous Orchid (00006613),P_US_ALL_OTHERS,-0.22782283701823933,-0.29826119338852447,0.07043835637028514,139666.0
Gucci,Gucci Flora Gorgeous Orchid (00006613),P_US_ULTA,0.06953999938296362,-0.17842005139672262,0.24796005077968625,34667.0
Gucci,Gucci Guilty Black Pour Homme (00003465),P_US_ALL_OTHERS,-0.13520388361108954,-0.36436337607523234,0.2291594924641428,144830.0
Gucci,Gucci Guilty Black Pour Homme (00003465),P_US_ULTA,1.3575060660407217,-0.36761206508457134,1.725118131125293,111734.0
Gucci,Gucci Guilty Elixir PF (00006600),P_US_ALL_OTHERS,-0.7064653138272771,-0.5475135401280158,-0.15895177369926128,1244.0
Gucci,Gucci Guilty Elixir PH (00006599),P_US_ALL_OTHERS,0.19380567640356328,-0.1785798537390894,0.3723855301426527,23050.0
Gucci,Gucci Guilty Limited Editions F (00007090),P_US_ALL_OTHERS,-0.7066536790049454,-0.23287283700315903,-0.47378084200178633,15660.0
Gucci,Gucci Guilty Limited Editions F (00007090),P_US_ULTA,1.1032639055143245,-0.46581026091119443,1.569074166425519,26356.0
Gucci,Gucci Guilty Limited Editions M (00007089),P_US_ALL_OTHERS,-0.5342850876318466,-0.15369168983626816,-0.38059339779557844,23357.0
Gucci,Gucci Guilty Limited Editions M (00007089),P_US_ULTA,-0.6260635161317496,-0.49446952595936794,-0.13159399017238166,4439.0
Gucci,Gucci Guilty Liqueurs PF (00007144),P_US_ALL_OTHERS,-0.9489090909090909,-0.6479430379746836,-0.30096605293440737,281.0
Gucci,Gucci Guilty Liqueurs PH (00007143),P_US_ALL_OTHERS,-0.8409689310163244,-0.7307692307692307,-0.11019970024709369,3020.0
Gucci,Gucci Guilty PF 21 (00005854),P_US_ALL_OTHERS,-0.48245218387722016,-0.4268151615419794,-0.05563702233524076,42456.0
Gucci,Gucci Guilty PF 21 (00005854),P_US_ULTA,-0.7748741486526503,-0.2860088365243004,-0.4888653121283498,12164.0
Gucci,Gucci Guilty PF NEW 22 (00006018),P_US_ALL_OTHERS,-0.8259412068076328,-0.6935872182096738,-0.132353988597959,675.0
Gucci,Gucci Guilty PH Eau de Parfum (00005405),P_US_ALL_OTHERS,0.4753461776440718,-0.3570404460571732,0.8323866237012449,276592.0
Gucci,Gucci Guilty PH Eau de Parfum (00005405),P_US_ULTA,-0.3521031665653906,-0.005754374901466183,-0.3463487916639244,38384.0
Gucci,Gucci Guilty PH NEW 22 (00006019),P_US_ALL_OTHERS,-0.6719408598664159,-0.40086242640351605,-0.2710784334628999,5059.0
Gucci,Gucci Guilty PH NEW 22 (00006019),P_US_ULTA,0.10028578851649779,-0.4121919014084507,0.5124776899249485,4235.0
Gucci,Gucci Guilty Pour Femme EDP (00005015),P_US_ALL_OTHERS,-0.26973667727306894,-0.38223860858413816,0.11250193131106923,29147.0
Gucci,Gucci Guilty Pour Femme EDP (00005015),P_US_ULTA,2.9642633228840127,-0.31376323387872956,3.2780265567627422,18969.0
Gucci,Gucci Guilty Pour Homme (00003463),P_US_ALL_OTHERS,-0.08416402567726591,-0.362036460729395,0.2778724350521291,294183.0
Gucci,Gucci Guilty Pour Homme (00003463),P_US_ULTA,-0.190272745915647,-0.6235327565899029,0.4332600106742559,23691.0
Gucci,Gucci Luxury Collection (00004823),P_US_ALL_OTHERS,0.8161393664021441,-0.40202133632790565,1.2181607027300498,86737.0
Gucci,Gucci Oud Intense (00003457),P_US_ALL_OTHERS,-0.3861111111111111,-0.1705651003932933,-0.21554601071781782,4199.0
Gucci Make up,Gucci Mascara Ultra Volume (00006080),P_US_ALL_OTHERS,0.7165476963011032,-0.38682784493538974,1.103375541236493,13226.0
Gucci Make up,Gucci Multidimensional Mascara (00005647),P_US_ALL_OTHERS,-0.6009614257240005,-0.13473267761964944,-0.466228748104351,17017.0
Gucci Make up,Gucci Beauty Powder No Talc (00007041),P_US_ALL_OTHERS,-0.4583574320416426,-0.15986739110415324,-0.2984900409374893,9365.0
Gucci Make up,Gucci Blush Powder (00006171),P_US_ALL_OTHERS,-0.5066603609994482,-0.4298192063864757,-0.07684115461297253,12518.0
Gucci Make up,Gucci Cream (00006636),P_US_ALL_OTHERS,-0.8932473690196044,-0.3312448171012623,-0.5620025519183421,12203.0
Gucci Make up,Gucci Face Bronzing Powder (00005685),P_US_ALL_OTHERS,0.06710937774498436,0.2084791565144199,-0.14136977876943552,30371.0
Gucci Make up,Gucci Face Concealer (00005677),P_US_ALL_OTHERS,-0.536673472593058,-0.21124426313105557,-0.3254292094620024,5900.0
Gucci Make up,Gucci Face Liquid Primer (00005678),P_US_ALL_OTHERS,0.5139500734214391,-0.147117296222664,0.6610673696441031,11341.0
Gucci Make up,Gucci Glow Blush (00007042),P_US_ALL_OTHERS,-0.4701781564678544,0.9837636412030876,-1.453941797670942,8892.0
Gucci Make up,Gucci Highlighting Powder (00006538),P_US_ALL_OTHERS,-0.506806390301536,-0.2934708836704222,-0.21333550663111378,9601.0
Gucci Make up,Gucci Matt Foundation (00006173),P_US_ALL_OTHERS,-0.3031636287450241,0.08714822980158216,-0.39031185854660627,9978.0
Gucci Make up,Gucci Lip Balm Pot (00005668),P_US_ALL_OTHERS,-0.5485186775440103,-0.3294216261525566,-0.2190970513914537,2103.0
Gucci Make up,Gucci Lip Gloss (00005667),P_US_ALL_OTHERS,9.34105582985188,-0.5516443987667009,9.892700228618581,81684.0
Gucci Make up,Gucci Matte Lipstick (00005663),P_US_ALL_OTHERS,-0.15448357502219592,-0.41005304629963435,0.25556947127743845,62854.0
Gucci Make up,Gucci Matte lip liquid (00005670),P_US_ALL_OTHERS,-0.48662170981074615,-0.47022666154437187,-0.01639504826637428,4720.0
Gucci Make up,Gucci Satin Lipstick (00005660),P_US_ALL_OTHERS,-0.2908924763935425,-0.44565091833198567,0.15475844193844318,6984.0
Gucci Make up,Gucci Sheer Lipstick (00005661),P_US_ALL_OTHERS,-0.3007135575942915,-0.3618791946308725,0.061165637036580955,3430.0
Gucci Make up,Gucci Shine lipstick (00005671),P_US_ALL_OTHERS,-0.35378400555450357,-0.35243831358072664,-0.0013456919737769302,20476.0
Gucci Make up,Gucci Color Multiline (00005687),P_US_ALL_OTHERS,-0.9509188870027309,-0.967269595176572,0.0163507081738411,665.0
Gucci Make up,Gucci Nail Polish (00005688),P_US_ALL_OTHERS,-0.3478865406006674,-0.44960585585585583,0.1017193152551884,2345.0
Kylie Jenner Fragrances,Cosmic Kylie Jenner (00006014),P_US_ALL_OTHERS,-0.7772600286919286,-0.5066995968886617,-0.27056043180326683,20650.0
Kylie Jenner Fragrances,Cosmic Kylie Jenner (00006014),P_US_ULTA,-0.645952051923047,-0.3544422025709034,-0.29150984935214364,91207.0
Kylie Jenner Fragrances,Cosmic Kylie Jenner FLANKER (00006785),P_US_ALL_OTHERS,-0.8858576526638045,-0.4254041570438799,-0.46045349561992455,6301.0
Kylie Jenner Fragrances,Cosmic Kylie Jenner FLANKER (00006785),P_US_ULTA,-0.8751129041970254,0.04759651778955337,-0.9227094219865788,6222.0
Kylie Jenner Fragrances,Cosmic Kylie Jenner INTENSE (00007045),P_US_ULTA,3.8436785651485845,4.701401201029454,-0.8577226358808696,247914.0
Kylie Jenner Fragrances,Kylie Jenner Mist Collection (00007114),P_US_ALL_OTHERS,-0.4018179554227369,-0.17079443171018058,-0.23102352371255633,19216.0
Kylie Makeup,Kylie Holiday (00006439),P_US_ALL_OTHERS,-0.9984451620619543,-0.9235052166934189,-0.07493994536853543,39.0
Kylie Makeup,Kylie Holiday (00006439),P_US_ULTA,-1.0,-1.0,0.0,0.0
Kylie Makeup,Kylie Summer (00006440),P_US_ULTA,-0.7566710571247378,-0.5786038182710914,-0.1780672388536464,9976.0
Kylie Makeup,Kylie Gel Pencil (00006114),P_US_ALL_OTHERS,-0.296730112249878,-0.36260762607626074,0.06587751382638274,2882.0
Kylie Makeup,Kylie Gel Pencil (00006114),P_US_ULTA,-0.0664179104477612,-0.21243961352657004,0.14602170307880885,8757.0
Kylie Makeup,Kylie Mascara Cream (00006117),P_US_ULTA,-0.19893148962916404,-0.05800842276864557,-0.14092306686051848,22941.0
Kylie Makeup,Kylie Mascara Mini (00006119),P_US_ALL_OTHERS,-0.9551737377615666,-0.4171974522292994,-0.5379762855322672,1401.0
Kylie Makeup,Kylie Mascara Mini (00006119),P_US_ULTA,0.7798846153846154,-0.7362694300518134,1.5161540454364288,46277.0
Kylie Makeup,Kylie Blush Sticks (00006132),P_US_ULTA,-0.972027972027972,-0.8597141344626786,-0.11231383756529334,308.0
Kylie Makeup,Kylie Concealer (00006124),P_US_ALL_OTHERS,-0.846865437984772,-0.2706708268330733,-0.5761946111516987,2152.0
Kylie Makeup,Kylie Concealer (00006124),P_US_ULTA,0.7709577754891864,0.2996896779773109,0.47126809751187554,34392.0
Kylie Makeup,Kylie Foundation (00006130),P_US_ALL_OTHERS,-0.8109942954127576,-0.196917314894843,-0.6140769805179146,4009.0
Kylie Makeup,Kylie Foundation (00006130),P_US_ULTA,-0.5837837837837838,-0.6301863733577757,0.046402589573991904,4620.0
Kylie Makeup,Kylie Hybrid Blush (00006713),P_US_ALL_OTHERS,-0.2359578736208626,-0.4300801628705942,0.1941222892497316,6094.0
Kylie Makeup,Kylie Hybrid Blush (00006713),P_US_ULTA,0.8728539737654321,-0.07433329582536288,0.9471872695907949,77671.0
Kylie Makeup,Kylie Loose Powder (00006129),P_US_ULTA,-0.26924709277650455,-0.2696737044145873,0.00042661163808277447,8609.0
Kylie Makeup,Kylie Setting Spray (00006128),P_US_ULTA,-0.11879595588235294,-0.15112624410686223,0.0323302882245093,3835.0
Kylie Makeup,Kylie Skin Tint Foundation (00006730),P_US_ALL_OTHERS,0.7556148543473427,-0.03231518370960602,0.7879300380569487,31580.0
Kylie Makeup,Kylie Skin Tint Foundation (00006730),P_US_ULTA,0.6787081574555807,0.22367977553678955,0.45502838191879114,393323.0
Kylie Makeup,Accesories (00006010),P_US_ALL_OTHERS,-0.5321066308994886,-0.3193916349809886,-0.21271499591850002,11163.0
Kylie Makeup,Accesories (00006010),P_US_ULTA,1.0196976744186046,-0.028253123902243188,1.0479507983208478,86847.0
Kylie Makeup,Kylie High Gloss (00006100),P_US_ALL_OTHERS,-0.46534769374853663,-0.5059396096080381,0.04059191585950145,9134.0
Kylie Makeup,Kylie High Gloss (00006100),P_US_ULTA,-0.2042694026145954,-0.2588653255160088,0.054595922901413435,24043.0
Kylie Makeup,Kylie Matte Lip Kit (00006094),P_US_ALL_OTHERS,0.19592372151303938,-0.14822363425648402,0.3441473557695234,61083.0
Kylie Makeup,Kylie Matte Lip Kit (00006094),P_US_ULTA,-0.14721934671779394,-0.1700040795922706,0.02278473287447666,175469.0
Kylie Makeup,Kylie Matte Liquid Lipstick (00006096),P_US_ALL_OTHERS,-0.3087024259959938,-0.4288807101104135,0.12017828411441972,3106.0
Kylie Makeup,Kylie Matte Liquid Lipstick (00006096),P_US_ULTA,0.022954221242381015,-0.3792204568023833,0.4021746780447643,7888.0
Kylie Makeup,Kylie Plumping Gloss (00006105),P_US_ULTA,-0.29668236944973436,-0.43256694855532063,0.13588457910558627,14034.0
Kylie Makeup,Kylie Plumping Lip Liner (00006746),P_US_ULTA,0.2879567300626121,-0.028514776697195734,0.3164715067598078,43815.0
Kylie Makeup,Kylie Precision Pout Lip Liner (00006731),P_US_ALL_OTHERS,0.9167425760612133,-0.031098478515298445,0.9478410545765118,10521.0
Kylie Makeup,Kylie Precision Pout Lip Liner (00006731),P_US_ULTA,0.7590106947424446,0.2167899646188485,0.5422207301235962,105757.0
Kylie Makeup,Kylie Supple Kiss Lip Glaze (00006711),P_US_ALL_OTHERS,-0.18182860747154447,-0.3803435876947663,0.1985149802232218,28537.0
Kylie Makeup,Kylie Supple Kiss Lip Glaze (00006711),P_US_ULTA,-0.07086399975819492,-0.5341743647483304,0.46331036499013545,61480.0
Kylie Makeup,Kylie Supple Kiss Precision Lip Kit (00007015),P_US_ALL_OTHERS,-0.06975251408601384,-0.09309731197902033,0.02334479789300649,13043.0
Kylie Makeup,Kylie Supple Kiss Precision Lip Kit (00007015),P_US_ULTA,0.2012918783911808,-0.2020143191380401,0.4033061975292209,139482.0
Kylie Makeup,Kylie Tinted butter balm (00006700),P_US_ALL_OTHERS,-0.07013909440662917,-0.13059966816781227,0.06046057376118309,3142.0
Kylie Makeup,Kylie Tinted butter balm (00006700),P_US_ULTA,-0.5762764981084771,-0.6119237588652482,0.03564726075677105,18929.0
Kylie Makeup,Kylie Velvet Lip Kit (00006095),P_US_ALL_OTHERS,-0.05827650340979541,-0.4081858407079646,0.3499093372981692,4557.0
Kylie Makeup,Kylie Velvet Lip Kit (00006095),P_US_ULTA,-0.283036606146072,-0.2673229423024337,-0.015713663843638315,24404.0
