,,,,0,1,2,3,4,5,6,7,8,9,10,11,12,13,14,15,16,17
Burberry Make up,Burberry Face (01205),BEYOND RADIANCE BASE (00006033),P_US_ALL_OTHERS,100.0,84.23697270471465,3.232009925558313,0.5024813895781638,0.0,83.04590570719603,0.22952853598014888,0.09925558312655086,0.5831265508684864,0.38461538461538464,12.59305210918114,0.9181141439205955,0.0,0.0,0.0,2.481389578163772,0.0,14.968982630272954
Burberry Make up,Burberry Face (01205),Burberry Beyond Wear Blush (00006342),P_US_ALL_OTHERS,100.0,0.0,3.4782608695652173,93.04347826086956,62.46376811594203,66.95652173913044,106.81159420289855,40.0,28.840579710144926,14.927536231884059,11.014492753623188,92.31884057971016,,,,,,
Burberry Make up,Burberry Face (01205),Burberry Beyond Wear Loose Powder (00006341),P_US_ALL_OTHERS,100.0,11.875,204.37500000000003,1.875,72.5,19.375,10.9375,42.5,,,,,,,,,,
Burberry Make up,Burberry Face (01205),Burberry Beyond Wear Perfecting Mtt Foun (00006068),P_US_ALL_OTHERS,100.0,0.0,18.250950570342205,51.33079847908745,0.0,85.93155893536122,4752.851711026616,0.0,39.543726235741445,0.7604562737642585,247.14828897338404,3169.9619771863117,289.5437262357414,6.844106463878327,179.46768060836501,5.7034220532319395,257.22433460076047,130.0380228136882
Burberry Make up,Burberry Face (01205),Burberry Beyond Wear Radiance Primer (00006888),P_US_ALL_OTHERS,100.0,913.2743362831858,0.0,2222.566371681416,248.4513274336283,211.94690265486727,129.42477876106196,950.2212389380531,269.0265486725664,441.8141592920354,2258.185840707965,2520.353982300885,64.38053097345133,,,,,
Burberry Make up,Burberry Lips (01204),Burberry Brit Shine (00006037),P_US_ALL_OTHERS,100.0,0.0,69.83606557377048,93.44262295081968,0.0,125.9016393442623,0.0,0.0,74.75409836065575,5.901639344262295,88.52459016393442,251.14754098360655,81.9672131147541,2.2950819672131146,235.08196721311475,35.40983606557377,372.1311475409836,25.245901639344265
Burberry Make up,Burberry Lips (01204),Burberry Kisses Reno (00005785),P_US_ALL_OTHERS,100.0,0.0,37.278106508875744,82.24852071005917,0.0,193.19526627218934,0.0,0.0,88.46153846153845,54.437869822485204,86.09467455621301,307.396449704142,148.5207100591716,205.9171597633136,2626.6272189349115,47.337278106508876,432.84023668639054,53.84615384615385
Gucci,Flora by Gucci (00837),Flora by Gucci EDP (00003439),P_US_ALL_OTHERS,100.0,196.72131147540983,16.39344262295082,111.8032786885246,0.0,0.0,0.0,0.0,0.0,0.0,0.0,0.0,0.0,0.0,0.0,0.0,0.0,0.0
Gucci,Gucci Bloom (01043),Gucci Bloom Ambrosia dOro (00006855),P_US_ALL_OTHERS,100.0,11.933395004625346,357.4005550416281,16.27701623076276,147.96905222437138,22.340425531914892,9.208645193844085,15.650491968715835,,,,,,,,,,
Gucci,Gucci Bloom (01043),Gucci Bloom Ambrosia dOro (00006855),P_US_ULTA,100.0,11.69070975187536,0.0,32.33698788228506,0.0,0.2423542989036353,12.914021927293708,0.13848817080207732,,,,,,,,,,
Gucci,Gucci Bloom (01043),Gucci Bloom Chrysalis (00006776),P_US_ALL_OTHERS,100.0,24.43941662321059,39.846417817551774,63.8543576631285,9.577438726933234,51.827678436254146,9.267919323094521,26.17541675778424,4.435042979460696,11.867714098272412,0.7914613016636669,1.7141319158241797,3.9707638737026256,5.229868622470436,1.8554342523592444,0.8351977391626155,1.0000504651201911,
Gucci,Gucci Flora (01228),Gucci Flora Gorgeous Gardenia Intense (00007022),P_US_ULTA,100.0,20.80016524460969,4.4504822282600065,0.015888904777793665,19.714953048286382,56.86956798067909,1.1249344582677916,3.5368702035368704,5.638972305638972,12.374279040945707,31.712665045998378,1.6889905778794667,2.1450021450021453,1.7827351160684495,1.5682349015682349,,,
Gucci,Gucci Flora (01228),Gucci Flora Gorgeous Orchid (00006613),P_US_ALL_OTHERS,100.0,92.2324577757945,57.15778985396507,56.99274409961428,22.704794273523603,62.17884846965909,36.98858739172693,8.177100207224115,42.02553930228435,24.53313446338735,21.85878196233289,36.4103159709275,7.680129102456737,41.416092572329774,12.114358369347947,43.14296018729637,41.29383645799585,4.788160717887903
Gucci,Gucci Flora (01228),Gucci Flora Gorgeous Orchid (00006613),P_US_ULTA,100.0,49.65696396456404,39.492439885432624,7.873176580297075,8.389395856923999,5.846599613668154,3.6235262772264036,27.13981216279225,19.63631519349897,13.864650636115366,25.00832611736495,34.76153999866782,4.003197229068141,15.832944781189637,11.544994338240192,14.3792046892693,4.049823486311864,4.136415106907347
Gucci,Gucci Guilty (00840),Gucci Guilty Limited Editions (00006601),P_US_ALL_OTHERS,100.0,123.87277175812652,4.334148898986368,126.45927997203773,21.251310730513808,13.194687172317371,60.80041943376442,0.0,0.0,0.0,6.221600838867529,0.0,0.0,0.0,0.0,0.0,11.569381335197484,0.0
Gucci,Gucci Guilty (00840),Gucci Guilty Limited Editions (00006601),P_US_ULTA,100.0,91.89765458422174,0.0,0.0,0.0,0.0,0.0,0.0,0.0,0.0,0.0,0.0,0.0,0.0,0.0,0.0,0.0,0.0
Gucci,Gucci Guilty (00840),Gucci Guilty Limited Editions F (00007090),P_US_ALL_OTHERS,100.0,151.60765669961216,155.87388965344678,664.1060928312273,192.4308770173902,283.8483673214062,27.599149255598647,45.96521956712123,61.15350932065557,15.488552483422996,59.98999124233705,40.01000875766296,46.59076692105592,173.80207681721507,332.0030026272989,35.4435130739397,31.740272738646315,32.01551357437758
Gucci,Gucci Guilty (00840),Gucci Guilty Limited Editions F (00007090),P_US_ULTA,100.0,0.13407590759075907,0.871493399339934,29.11509900990099,5.8426155115511555,14.480198019801978,0.40222772277227725,4.610148514851485,2.722772277227723,7.2710396039603955,20.683787128712872,0.49504950495049505,20.807549504950494,14.248143564356436,1.1138613861386137,13.500412541254125,17.69286303630363,94.05940594059405
Gucci,Gucci Guilty (00840),Gucci Guilty Limited Editions M (00007089),P_US_ALL_OTHERS,100.0,206.94681345945108,430.65591564583656,418.73158629244847,78.10513257869437,531.121104047139,124.99612342998914,56.41184679795317,499.4727864785238,26.90339587532951,9.288261746007134,133.85020933478057,25.97301907272445,171.39091331989457,410.2806636687858,47.402698092727555,77.14374321600248,92.99116142037526
Gucci,Gucci Guilty (00840),Gucci Guilty Limited Editions M (00007089),P_US_ULTA,100.0,0.13407590759075907,0.871493399339934,34.62252475247525,2.011138613861386,2.3978960396039604,7.0389851485148505,0.13923267326732672,1.9647277227722773,2.103960396039604,5.693069306930694,15.640470297029701,15.006188118811881,22.014232673267326,0.7580445544554455,2.753712871287129,10.994224422442244,1.608910891089109
Gucci,Gucci Guilty (00840),Gucci Guilty Liqueurs PF (00007144),P_US_ALL_OTHERS,100.0,1454.6938775510205,303.265306122449,345.3061224489796,93.46938775510203,22.040816326530614,26.122448979591837,7.346938775510205,16.73469387755102,16.73469387755102,25.30612244897959,15.918367346938775,32.6530612244898,,,,,
Gucci,Gucci Guilty (00840),Gucci Guilty Liqueurs PF (00007144),P_US_ULTA,100.0,0.0,4.368932038834951,29.61165048543689,10.194174757281553,7.766990291262135,2.912621359223301,10.194174757281553,0.0,0.0,2.4271844660194173,1.4563106796116505,,,,,,
Gucci,Gucci Guilty (00840),Gucci Guilty Liqueurs PH (00007143),P_US_ULTA,100.0,0.0,3.3980582524271843,12.135922330097088,11.165048543689322,9.70873786407767,16.019417475728158,38.349514563106794,1.4563106796116505,0.9708737864077669,2.912621359223301,4.854368932038835,,,,,,
Gucci,Gucci Guilty (00840),Gucci Guilty Liqueurs PH PF (00006775),P_US_ALL_OTHERS,100.0,30.389632369830387,5.050834753805051,5.251514162405251,11.888441591411889,3.620691739503621,4.301309251804302,19.232582598919233,7.351394480107351,9.199821081009201,3.1044862728031046,0.20309723280020311,0.0,,,,,
Gucci,Gucci Guilty (00840),Gucci Guilty Liqueurs PH PF (00006775),P_US_ULTA,100.0,269.93318485523383,0.0,0.0,0.0,0.0,5.56792873051225,0.0,0.0,0.0,0.0,0.0,,,,,,
Gucci,Gucci Guilty (00840),Gucci Guilty Pour Femme (00003462),P_US_ALL_OTHERS,100.0,0.0,0.0,0.0,3000.0,0.0,18.8,0.0,0.0,0.0,0.0,0.0,0.0,0.0,0.0,0.0,0.0,0.0
Gucci,Gucci Guilty (00840),Gucci Guilty Supreme Male (00006459),P_US_ALL_OTHERS,100.0,66.66666666666666,0.0,0.0,0.0,0.0,0.0,213.33333333333334,0.0,0.0,0.0,0.0,0.0,76.66666666666667,0.0,0.0,0.0,0.0
Gucci,Gucci Heritage Lines (00843),Gucci Rush (00003480),P_US_ALL_OTHERS,100.0,0.0,101.71673819742489,26.609442060085836,24.463519313304722,45.493562231759654,16.738197424892704,21.888412017167383,16.738197424892704,30.90128755364807,23.17596566523605,0.0,0.0,0.0,0.0,0.0,0.0,0.0
Gucci,Gucci by Gucci (00839),Gucci Oud Intense (00003457),P_US_ALL_OTHERS,100.0,0.0,227.53623188405797,0.0,0.0,0.0,0.0,0.0,0.0,0.0,0.0,0.0,66.66666666666666,311.27214170692434,222.38325281803543,0.0,20.933977455716587,250.2415458937198
Gucci Make up,Gucci Eyes (01199),Gucci Eyelashes (00006501),P_US_ALL_OTHERS,100.0,15.495867768595042,4.0633608815427,0.0,0.0,0.0,0.0,0.0,0.0,0.0,0.0,0.0,0.0,0.0,0.0,0.0,0.0,0.0
Gucci Make up,Gucci Eyes (01199),Gucci Mascara Ultra Volume (00006080),P_US_ALL_OTHERS,100.0,398.859649122807,53.881578947368425,0.6578947368421052,13.24561403508772,8.881578947368421,17.587719298245613,141.71052631578945,9.912280701754387,26.995614035087716,65.0,18.728070175438596,18.289473684210527,31.096491228070178,17.521929824561404,18.333333333333332,225.26315789473682,4.3201754385964914
Gucci Make up,Gucci Eyes (01199),Gucci Waterproof Mascara (00005649),P_US_ALL_OTHERS,100.0,0.0,0.0,0.0,0.0,0.0,0.0,0.0,0.06208095356344674,0.0,0.3724857213806804,0.6208095356344674,0.0,0.1862428606903402,0.3104047678172337,0.0,0.0,0.0
Gucci Make up,Gucci Face (01201),Gucci Beauty Powder No Talc (00007041),P_US_ALL_OTHERS,100.0,64.4572101929592,49.69804094859332,65.34099278244219,17.513624981587864,27.70658418029165,29.960229783473263,18.839298865812342,26.321991456768302,27.323611724849023,29.297392841361024,17.57254382088673,18.588893798792164,,,,,
Gucci Make up,Gucci Face (01201),Gucci Cream (00006636),P_US_ALL_OTHERS,100.0,23.919681070919054,23.978346955373926,29.508939880801588,20.593058759216543,71.15505126598312,5.883921547712697,1.2933160891188118,4.711937174171011,4.3212757163237825,0.9613205157264569,3.075958987213504,0.8026559645871388,2.3973013693150755,,,,
Gucci Make up,Gucci Face (01201),Gucci Highlighting Powder (00006538),P_US_ALL_OTHERS,100.0,58.67077464788733,28.93926056338028,36.267605633802816,18.507922535211268,20.23180751173709,28.125,10.592723004694836,14.253227699530516,13.739730046948356,20.495892018779344,9.103579812206574,42.30487089201878,71.24413145539906,21.889671361502348,6.660798122065728,8.956866197183098,12.624706572769954
Gucci Make up,Gucci Lips (01200),Gucci Lip Gloss (00005667),P_US_ALL_OTHERS,100.0,16.28187658166245,11.870741678022192,17.823632470313413,23.640256959314776,1.2302900525598597,1.689702160794238,0.8175978197391474,3.4845240412692235,17.971578742456686,10.971384076309128,5.205372785672571,3.6013237298033873,3.0912984232042047,3.694763480630718,2.7759392641619622,5.516838621763675,1.8454350788397897
Gucci Make up,Gucci Lips (01200),Gucci Lip Gloss (00005667),P_US_ULTA,100.0,0.0,0.0,0.0,0.0,0.0,0.0,0.0,0.0,0.0,0.0,0.0,0.0,0.0,0.0,0.0,0.0,0.0
Gucci Make up,Gucci Lips (01200),Gucci Liquid Tint Lipstick (00007209),P_US_ALL_OTHERS,100.0,23.68396181835365,115.72630186182779,76.26878366884038,14.837917021075514,21.633115962574426,,,,,,,,,,,,
Kylie Jenner Fragrances,Cosmic Kylie Jenner (01246),Cosmic Kylie Jenner (00006014),P_US_ALL_OTHERS,100.0,69.62334675100632,458.03622771707876,976.5526164462335,754.6578493387004,27.645198389879237,472.6998274870615,129.34157561817136,111.31397354801611,231.75675675675674,672.6423231742381,278.637147786084,12.363427257044277,26.07820586543991,79.38470385278896,93.31512363427257,15.842438182863713,74.79873490511788
Kylie Jenner Fragrances,Cosmic Kylie Jenner (01246),Cosmic Kylie Jenner (00006014),P_US_ULTA,100.0,192.5405702040923,207.46073640473517,138.70828651318368,408.0369508976402,135.79193561031698,42.52227768050801,7.465962840044947,155.7961167585648,122.00198604541772,33.29500614106149,41.5135756657172,13.32871664880968,59.347479551571844,41.99832754070086,93.19256800898947,27.49366294718687,62.523845611100946
Kylie Jenner Fragrances,Cosmic Kylie Jenner (01246),Cosmic Kylie Jenner FLANKER (00006785),P_US_ALL_OTHERS,100.0,1165.1851851851852,87.90123456790123,4988.271604938272,469.25925925925924,44.32098765432099,60.24691358024692,222.22222222222223,327.1604938271605,59.50617283950618,82.22222222222221,34.5679012345679,52.22222222222223,,,,,
Kylie Jenner Fragrances,Cosmic Kylie Jenner (01246),Cosmic Kylie Jenner FLANKER (00006785),P_US_ULTA,100.0,6.936883845900296,81.27890368269125,16.553132834583536,3.5303694677227644,64.19389314502033,0.0,0.0749123525475194,16.961654863809343,4.466274458883106,0.8824675130097785,0.0,2.4960795868833463,0.7566147607299459,0.2502072575087148,0.0,1.5117312744089415,0.23222829289731012
Kylie Jenner Fragrances,Cosmic Kylie Jenner (01246),Cosmic Kylie Jenner INTENSE (00007045),P_US_ULTA,100.0,10.434332319243964,209.30157291734096,67.82316007508577,47.5758948799275,130.38384361447345,55.65408764321316,24.169849181176776,,,,,,,,,,
Kylie Jenner Fragrances,Kylie Jenner Mist Collection (01409),Kylie Jenner Mist Collection (00007114),P_US_ALL_OTHERS,100.0,3.804692454026633,11.050517860917354,7.719298245614035,13.227647431832592,20.73980131050518,11.464806594800253,17.61995349820334,17.649545550623547,4.8235045444937645,8.936799830902558,,,,,,,
Kylie Makeup,Collection (01319),Kylie Holiday (00006439),P_US_ALL_OTHERS,100.0,0.0,0.0,0.0,0.0,0.0,66.33765165535678,0.0,200.3290150113099,51.42915895537734,264.0345465761875,0.0,0.0,0.0,0.8019740900678594,0.0,0.0,0.0
Kylie Makeup,Collection (01319),Kylie Holiday (00006439),P_US_ULTA,100.0,48.16661081322609,0.0,0.0,0.0,0.0,0.0,0.0,0.0,0.0,0.0,0.0,23.771224307417338,2.234137622877569,0.0,0.0,0.0,0.0
Kylie Makeup,Collection (01319),Kylie Spring (00006443),P_US_ULTA,100.0,42.85593363805654,0.0,0.0,0.0,0.0,0.0,0.0,0.0,0.0,0.0,0.0,0.0,0.0,0.0,0.02962586761469443,,
Kylie Makeup,Collection (01319),Kylie Summer (00006440),P_US_ALL_OTHERS,100.0,0.0,0.0,0.0,0.0,0.0,0.0,0.0,0.0,0.0,0.0,0.0,0.0,0.0,0.0,0.0,0.0,0.0
Kylie Makeup,Collection (01319),Kylie Summer (00006440),P_US_ULTA,100.0,100.93593758109441,6.122519592408699,13.284777606698613,28.495060809992562,11.087659810044462,0.23528190578343683,3.56728889504005,3.6503295676694982,3.4980883345155096,9.165614241475357,3.2005259242599866,0.9584277632648824,15.426534954933135,1.6902236908118957,1.0743387021434874,5.001470511911147,2.039686521460824
Kylie Makeup,Eyes (01244),Kylie Mascara Mini (00006119),P_US_ALL_OTHERS,100.0,0.0,80.460232530072,13.275938367461881,1.7862171621675988,0.020115058132518,10.254656635957678,5.813251800297703,15.987448203725307,0.9454077322283462,22.78231484088989,0.28161081385525205,9.554652612946052,9.771895240777246,2.043689906263829,1.1706963833125477,9.759826205897735,63.71243512893753
Kylie Makeup,Eyes (01244),Kylie Mascara Mini (00006119),P_US_ULTA,100.0,0.45045045045045046,40.21879021879022,5.362505362505362,10.725010725010724,40.21879021879022,0.0,50.943800943800944,16.08751608751609,8.043758043758045,8.043758043758045,62.65551265551266,4.826254826254826,38.489382239382245,4.826254826254826,8.580008580008581,37.001287001287004,13.406263406263404
Kylie Makeup,Eyes (01244),Kylie matte liquid eyeshadow (00006703),P_US_ULTA,100.0,25.0,0.0,0.0,0.0,0.0,0.0,0.0,0.0,0.0,0.0,0.0,0.0,0.0,,,,
Kylie Makeup,Face (01243),Kylie Beam Me Up Highlighter Stick (00006712),P_US_ULTA,100.0,0.0,0.0,0.0,0.0,0.0,0.0,0.0,0.0,0.0,0.0,0.0,0.0,0.0,0.0,0.0,,
Kylie Makeup,Face (01243),Kylie Blush Sticks (00006132),P_US_ALL_OTHERS,100.0,9.171428571428573,7.199999999999999,0.7857142857142858,18.885714285714286,2.0428571428571427,12.642857142857142,15.057142857142857,9.142857142857142,14.499999999999998,5.171428571428571,3.214285714285714,5.571428571428571,9.085714285714285,13.17142857142857,6.442857142857143,4.4714285714285715,2.2857142857142856
Kylie Makeup,Face (01243),Kylie Blush Sticks (00006132),P_US_ULTA,100.0,44.099378881987576,2.2774327122153206,0.0,4.761904761904762,7.6604554865424435,6.418219461697723,12.629399585921325,10.351966873706004,1.8633540372670807,10.351966873706004,4.3478260869565215,2.2774327122153206,5.175983436853002,3.1055900621118013,7.039337474120083,4.140786749482402,6.211180124223603
Kylie Makeup,Face (01243),Kylie Concealer (00006124),P_US_ALL_OTHERS,100.0,0.0,0.4459634821705993,0.4697238316305083,0.08590280189351708,2.981009997623965,77.41121854038346,0.1644947270301391,12.324310492935865,47.5005940087365,20.73364648255442,17.418163873302504,1.2995083435380987,27.816058340796516,1.1935006305631202,13.737137426205837,11.185641438049458,0.33630033081717325
Kylie Makeup,Face (01243),Kylie Foundation (00006130),P_US_ALL_OTHERS,100.0,0.0,0.6222122268450841,1.950972675137749,0.12931519172382772,2.475729974886615,2.803703287229656,0.1911615877656584,4.113722403388433,22.5720604220548,10.90745530192286,4.507290378200082,86.46875819933281,2.5769331684096106,24.91285280557742,32.934142958881516,12.434873870834739,0.5547434311630871
Kylie Makeup,Face (01243),Kylie Foundation (00006130),P_US_ULTA,100.0,6297.125,188.375,493.9583333333333,147.75,128.5,52.5,66.25,161.25,111.25,123.75,93.75,92.5,41.25,0.0,0.0,48.75,8.75
Kylie Makeup,Face (01243),Kylie Hybrid Blush (00006713),P_US_ALL_OTHERS,100.0,386.3932541203526,21.694135684170178,97.6236105787658,31.238022230739748,102.03142966653891,30.548102721349174,22.5756995017248,66.30893062476045,18.78114220007666,50.67075507857417,43.04331161364507,10.0804906094289,44.691452663855884,,,,
Kylie Makeup,Face (01243),Kylie Hybrid Blush (00006713),P_US_ULTA,100.0,1035.7142857142858,12.5,100.0,132.14285714285714,157.14285714285714,307.14285714285717,180.35714285714286,151.78571428571428,282.14285714285717,726.6369047619047,197.42063492063494,288.88888888888886,136.63194444444443,294.64285714285717,,,
Kylie Makeup,Face (01243),Kylie Setting Spray (00006128),P_US_ALL_OTHERS,100.0,0.0,2.0238713025428128,9.133367929423974,2.4390243902439024,15.827711468604047,3.009859885832901,2.33523611831863,6.382978723404255,2.4390243902439024,10.1712506486767,1.0378827192527245,0.9859885832900882,0.7784120394395433,0.15568240788790866,0.8822003113648157,0.6746237675142709,0.5708354955889984
Kylie Makeup,Face (01243),Kylie Setting Spray (00006128),P_US_ULTA,100.0,0.396470136846144,9.694334313850876,12.725412456835913,5.6145287121115235,3.87517585368973,1.0743061772605194,6.177260519247986,19.01777720936181,7.481775163064331,12.021997697915335,8.65839621434966,0.5115743701240568,9.528072643560558,5.435477682568103,5.729632945389436,9.579230080572962,5.601739352858422
Kylie Makeup,Face (01243),Kylie Skin Tint Foundation (00006730),P_US_ALL_OTHERS,100.0,24.03410604849454,0.0,5.182520650146549,4.3032240873967496,25.157651656452618,6.8878230748734355,2.4735766942001955,1.5765165645261567,3.037569944044764,1.6253663735678123,4.192201794120259,3.8813393729460874,7.607247535305089,5.093702815525358,43.600675015543125,8.339994670929924,10.991207034372502
Kylie Makeup,Face (01243),Kylie Skin Tint Foundation (00006730),P_US_ULTA,100.0,0.9766126959650475,0.2570033410434336,13.492675404780263,1.1822153687997943,3.8036494474428166,2.287329735286559,0.1799023387304035,5.749593078043349,1.9840657928553072,2.7996230617664697,13.381735629229846,12.766212627430823,13.742396984494132,7.098860618521375,17.61372397841172,11.9686455923927,35.632656557868586
Kylie Makeup,Kylie Makeup Other (01223),Accesories (00006010),P_US_ALL_OTHERS,100.0,577.7777777777777,0.4629629629629629,1073.263888888889,318.287037037037,11.921296296296296,1631.5972222222222,365.50925925925924,179.86111111111111,409.60648148148147,65.74074074074075,624.8842592592592,688.3101851851852,2153.935185185185,296.75925925925924,410.8796296296297,455.324074074074,882.7546296296296
Kylie Makeup,Kylie Makeup Other (01223),Accesories (00006010),P_US_ULTA,100.0,235.06410256410257,27.115384615384613,41.02564102564102,100.67307692307692,37.916666666666664,128.60576923076923,15.384615384615385,3.8461538461538463,159.2948717948718,162.82051282051282,198.73397435897436,79.93589743589745,732.5,75.32051282051282,85.0801282051282,206.7467948717949,179.71153846153845
Kylie Makeup,Kylie Makeup Other (01223),Other Multi (00005863),P_US_ALL_OTHERS,100.0,0.0,22.588832487309645,0.0,0.0,0.0,0.0,0.0,0.0,0.0,0.0,0.0,0.0,0.0,0.0,0.0,0.0,0.0
Kylie Makeup,Kylie Makeup Other (01223),Other Multi (00005863),P_US_ULTA,100.0,0.0,0.0,0.0,0.0,0.0,0.0,0.0,0.0,0.0,0.0,,,,,,,
Kylie Makeup,Lips (01245),Kylie Blurred Liquid Lipstick (00006574),P_US_ULTA,100.0,10.844748858447488,0.0,0.0,0.0,0.0,0.0,0.0,0.0,0.0,0.91324200913242,0.228310502283105,0.45662100456621,0.0,0.3424657534246575,0.45662100456621,0.228310502283105,0.3424657534246575
Kylie Makeup,Lips (01245),Kylie Crème Lipstick (00006103),P_US_ALL_OTHERS,100.0,6.37195648419962,4.351580037989985,9.203937143843897,1.9167673976860644,53.03056466931445,6.251079260922121,5.629424969780694,11.984113279226385,4.973234329131411,8.150578483854257,30.512864790191678,5.646693144534623,13.037471939216024,4.990502503885339,7.908824037299257,5.111379727162839,10.65446382317389
Kylie Makeup,Lips (01245),Kylie Matte Lipstick (00006102),P_US_ALL_OTHERS,100.0,10.727117194183062,7.390932420872541,14.319931565440546,2.840034217279726,56.37296834901625,10.573139435414884,9.73481608212147,20.667236954662105,10.436270316509837,14.662104362703165,34.473909324208726,9.905902480752781,18.66552609067579,8.16082121471343,11.206159110350727,7.733105218135158,15.483319076133448
Kylie Makeup,Lips (01245),Kylie Matte Lipstick Kit (00006104),P_US_ULTA,100.0,0.0,0.0,0.0,0.0,0.0,0.0,0.0,0.0,0.0,0.0,0.0,0.0,0.0,0.0,0.0,0.0,0.0
Kylie Makeup,Lips (01245),Kylie Plumping Lip Liner (00006746),P_US_ULTA,100.0,14.262820512820513,3.685897435897436,0.9615384615384616,1.1217948717948718,8.012820512820513,7.051282051282051,10.659054487179487,32.95072115384615,14.423076923076922,11.14383012820513,14.903846153846153,9.28886217948718,9.230769230769232,15.342548076923077,8.844150641025642,10.536858974358974,15.144230769230768
Kylie Makeup,Lips (01245),Kylie Precision Pout Lip Liner (00006731),P_US_ALL_OTHERS,100.0,11.852059400392266,1.9613337069207062,1.61109554497058,16.124964976183804,7.957411039506865,4.139815074250491,12.846735780330626,9.008125525357242,15.676660128887644,5.596805827963014,13.028859624544689,7.810311011487811,10.773325861585878,27.066405155505745,6.4794059960773325,5.134491454188848,4.125805547772486
Kylie Makeup,Lips (01245),Kylie Precision Pout Lip Liner (00006731),P_US_ULTA,100.0,1001.6645649432535,975.8638083228246,185.95208070617906,392.55989911727613,727.5409836065573,758.0832282471627,563.7326607818411,315.05674653215635,454.6027742749054,217.8058007566204,258.6885245901639,368.9281210592686,130.99621689785624,304.0353089533417,203.85876418663304,251.87894073139975,314.07313997477934
Kylie Makeup,Lips (01245),Kylie Supple Kiss Lip Glaze (00006711),P_US_ALL_OTHERS,100.0,37.35148845281004,11.066613269256441,1.2281404351888934,19.23641703377386,8.303297290081431,63.00894406621279,18.16846882926178,17.541049259110935,13.883326658657055,10.839674275797623,14.617541049259112,6.447737284741691,29.86250166866907,20.851688693098385,173.30129488719797,178.78787878787878,19.276465091443065
Kylie Makeup,Lips (01245),Kylie Supple Kiss Lip Glaze (00006711),P_US_ULTA,100.0,3176.078869047619,3.571428571428571,314.2857142857143,39.285714285714285,732.1428571428571,922.5446428571429,3.571428571428571,0.0,228.57142857142856,421.42857142857144,10.714285714285714,139.28571428571428,760.7142857142857,500.59523809523813,450.2976190476191,860.7142857142858,750.6696428571429
Kylie Makeup,Lips (01245),Kylie Supple Kiss Precision Lip Kit (00007015),P_US_ALL_OTHERS,100.0,2388.3333333333335,24.72222222222222,1364.4444444444443,266.38888888888886,290.8333333333333,463.8888888888889,1484.4444444444446,988.8888888888889,182.77777777777777,893.3333333333334,870.5555555555555,248.33333333333334,439.1666666666667,,,,
Kylie Makeup,Lips (01245),Kylie Supple Kiss Precision Lip Kit (00007015),P_US_ULTA,100.0,78.88111888111888,45.85664335664335,63.47027972027972,45.30011655011655,49.37937062937063,67.59615384615385,66.7132867132867,68.1118881118881,75.38461538461539,61.95804195804195,60.55944055944056,45.67016317016317,94.73193473193473,,,,
Kylie Makeup,Lips (01245),Kylie Transformative Lip Tint (00006724),P_US_ULTA,100.0,0.0,0.0,0.0,0.0,0.0,0.17152658662092624,0.0,5.4030874785591765,0.0,0.0,0.0,0.0,0.08576329331046312,0.0,0.0,0.0,0.0
