House,Brand,PL,CFG,first,m0,y1
Burberry Make up,Burberry Eyes (01203),Burberry Beyond Volume Mascara (00006319),P_US_ALL_OTHERS,2024.M10,120.0,713.0
Burberry Make up,Burberry Eyes (01203),Burberry Eyequads (00006359),P_US_ALL_OTHERS,2024.M10,76.0,3048.0
Burberry Make up,Burberry Face (01205),BEYOND RADIANCE BASE (00006033),P_US_ALL_OTHERS,2024.M10,16120.0,46075.0
Burberry Make up,Burberry Face (01205),Burberry Beyond Wear Blush (00006342),P_US_ALL_OTHERS,2025.M08,690.0,4277.0
Burberry Make up,Burberry Face (01205),Burberry Beyond Wear Concealer (00006339),P_US_ALL_OTHERS,2024.M10,186.0,4399.0
Burberry Make up,Burberry Face (01205),Burberry Beyond Wear Loose Powder (00006341),P_US_ALL_OTHERS,2025.M12,320.0,
Burberry Make up,Burberry Face (01205),Burberry Beyond Wear Perfecting Mtt Foun (00006068),P_US_ALL_OTHERS,2024.M10,526.0,44530.0
Burberry Make up,Burberry Face (01205),Burberry Beyond Wear Powder (00006340),P_US_ALL_OTHERS,2024.M10,76.0,618.0
Burberry Make up,Burberry Face (01205),Burberry Beyond Wear Radiance Primer (00006888),P_US_ALL_OTHERS,2025.M07,452.0,46399.0
Burberry Make up,Burberry Lips (01204),Burberry Brit Shine (00006037),P_US_ALL_OTHERS,2024.M10,305.0,2469.0
Burberry Make up,Burberry Lips (01204),Burberry Kisses Liquid Matte (00006066),P_US_ALL_OTHERS,2025.M08,46.0,436.0
Burberry Make up,Burberry Lips (01204),Burberry Kisses Matte (00005927),P_US_ALL_OTHERS,2024.M10,129.0,1722.0
Burberry Make up,Burberry Lips (01204),Burberry Kisses Matte Shade Extension (00006637),P_US_ALL_OTHERS,2025.M03,32.0,491.0
Burberry Make up,Burberry Lips (01204),Burberry Kisses Reno (00005785),P_US_ALL_OTHERS,2024.M10,338.0,3208.0
Gucci,Flora by Gucci (00837),Flora by Gucci EDP (00003439),P_US_ALL_OTHERS,2023.M10,305.0,1296.0
Gucci,Gucci Bloom (01043),Gucci Bloom Ambrosia dOro (00006855),P_US_ALL_OTHERS,2025.M12,23782.0,
Gucci,Gucci Bloom (01043),Gucci Bloom Ambrosia dOro (00006855),P_US_ULTA,2025.M12,25995.0,
Gucci,Gucci Bloom (01043),Gucci Bloom Chrysalis (00006776),P_US_ALL_OTHERS,2025.M03,118894.0,408754.0
Gucci,Gucci Bloom (01043),Gucci Bloom Chrysalis (00006776),P_US_ULTA,2025.M02,75.0,41722.0
Gucci,Gucci Flora (01228),Gucci Flora Gorgeous Gardenia Intense (00007022),P_US_ALL_OTHERS,2025.M04,67.0,609445.0
Gucci,Gucci Flora (01228),Gucci Flora Gorgeous Gardenia Intense (00007022),P_US_ULTA,2025.M05,62937.0,162332.0
Gucci,Gucci Flora (01228),Gucci Flora Gorgeous Orchid (00006613),P_US_ALL_OTHERS,2024.M06,163591.0,918171.0
Gucci,Gucci Flora (01228),Gucci Flora Gorgeous Orchid (00006613),P_US_ULTA,2024.M07,60052.0,201350.0
Gucci,Gucci Guilty (00840),Gucci Guilty Limited Editions (00006601),P_US_ALL_OTHERS,2024.M12,5722.0,26100.0
Gucci,Gucci Guilty (00840),Gucci Guilty Limited Editions (00006601),P_US_ULTA,2024.M12,1876.0,3600.0
Gucci,Gucci Guilty (00840),Gucci Guilty Limited Editions F (00007090),P_US_ALL_OTHERS,2024.M11,7993.0,143720.0
Gucci,Gucci Guilty (00840),Gucci Guilty Limited Editions F (00007090),P_US_ULTA,2024.M11,19392.0,36191.0
Gucci,Gucci Guilty (00840),Gucci Guilty Limited Editions M (00007089),P_US_ALL_OTHERS,2024.M11,6449.0,168737.0
Gucci,Gucci Guilty (00840),Gucci Guilty Limited Editions M (00007089),P_US_ULTA,2024.M11,19392.0,33474.0
Gucci,Gucci Guilty (00840),Gucci Guilty Liqueurs PF (00007144),P_US_ALL_OTHERS,2025.M07,245.0,5946.0
Gucci,Gucci Guilty (00840),Gucci Guilty Liqueurs PF (00007144),P_US_ULTA,2025.M08,206.0,348.0
Gucci,Gucci Guilty (00840),Gucci Guilty Liqueurs PH (00007143),P_US_ALL_OTHERS,2025.M07,141.0,21668.0
Gucci,Gucci Guilty (00840),Gucci Guilty Liqueurs PH (00007143),P_US_ULTA,2025.M08,206.0,414.0
Gucci,Gucci Guilty (00840),Gucci Guilty Liqueurs PH PF (00006775),P_US_ALL_OTHERS,2025.M07,82719.0,165102.0
Gucci,Gucci Guilty (00840),Gucci Guilty Liqueurs PH PF (00006775),P_US_ULTA,2025.M08,5388.0,20232.0
Gucci,Gucci Guilty (00840),Gucci Guilty Pour Femme (00003462),P_US_ALL_OTHERS,2023.M11,500.0,15594.0
Gucci,Gucci Guilty (00840),Gucci Guilty Supreme Male (00006459),P_US_ALL_OTHERS,2023.M10,6000.0,22800.0
Gucci,Gucci Heritage Lines (00843),Gucci Rush (00003480),P_US_ALL_OTHERS,2023.M11,699.0,2850.0
Gucci,Gucci Luxury Collection (01096),Gucci Luxury Collection ROSES AND MUSKS (00006656),P_US_ALL_OTHERS,2025.M07,16.0,48551.0
Gucci,Gucci Luxury Collection (01096),Gucci Luxury Collection SMALL SIZES (00006654),P_US_ALL_OTHERS,2025.M02,102.0,4507.0
Gucci,Gucci by Gucci (00839),Gucci Oud Intense (00003457),P_US_ALL_OTHERS,2023.M10,621.0,2034.0
Gucci Make up,Gucci Eyes (01199),Gucci Extra Volume Mascara (00005656),P_US_ALL_OTHERS,2026.M01,3.0,
Gucci Make up,Gucci Eyes (01199),Gucci Eyelashes (00006501),P_US_ALL_OTHERS,2024.M10,1452.0,1736.0
Gucci Make up,Gucci Eyes (01199),Gucci Mascara Ultra Volume (00006080),P_US_ALL_OTHERS,2024.M10,4560.0,39009.0
Gucci Make up,Gucci Eyes (01199),Gucci Waterproof Mascara (00005649),P_US_ALL_OTHERS,2024.M12,32216.0,32556.0
Gucci Make up,Gucci Face (01201),Gucci Beauty Powder No Talc (00007041),P_US_ALL_OTHERS,2025.M07,6789.0,32182.0
Gucci Make up,Gucci Face (01201),Gucci Cream (00006636),P_US_ALL_OTHERS,2025.M06,75001.0,217055.0
Gucci Make up,Gucci Face (01201),Gucci Face Multiline (00005680),P_US_ALL_OTHERS,2025.M08,10.0,1032.0
Gucci Make up,Gucci Face (01201),Gucci Glow Blush (00007042),P_US_ALL_OTHERS,2025.M10,12.0,
Gucci Make up,Gucci Face (01201),Gucci Highlighting Powder (00006538),P_US_ALL_OTHERS,2024.M07,13632.0,48929.0
Gucci Make up,Gucci Face (01201),Gucci Liquid Light Drop (00006279),P_US_ALL_OTHERS,2025.M04,10.0,11.0
Gucci Make up,Gucci Face (01201),Gucci Satin Liquid Foundation (00005672),P_US_ALL_OTHERS,2023.M09,2.0,2.0
Gucci Make up,Gucci Lips (01200),Gucci Lip Gloss (00005667),P_US_ALL_OTHERS,2023.M11,25685.0,54192.0
Gucci Make up,Gucci Lips (01200),Gucci Lip Gloss (00005667),P_US_ULTA,2024.M01,1635.0,1635.0
Gucci Make up,Gucci Lips (01200),Gucci Liquid Tint Lipstick (00007209),P_US_ALL_OTHERS,2026.M02,10581.0,
Kylie Jenner Fragrances,Cosmic Kylie Jenner (01246),Cosmic Kylie Jenner (00006014),P_US_ALL_OTHERS,2024.M12,6956.0,297919.0
Kylie Jenner Fragrances,Cosmic Kylie Jenner (01246),Cosmic Kylie Jenner (00006014),P_US_ULTA,2024.M01,76534.0,1213166.0
Kylie Jenner Fragrances,Cosmic Kylie Jenner (01246),Cosmic Kylie Jenner FLANKER (00006785),P_US_ALL_OTHERS,2025.M07,810.0,61891.0
Kylie Jenner Fragrances,Cosmic Kylie Jenner (01246),Cosmic Kylie Jenner FLANKER (00006785),P_US_ULTA,2025.M01,200234.0,590447.0
Kylie Jenner Fragrances,Cosmic Kylie Jenner (01246),Cosmic Kylie Jenner INTENSE (00007045),P_US_ALL_OTHERS,2026.M02,30.0,
Kylie Jenner Fragrances,Cosmic Kylie Jenner (01246),Cosmic Kylie Jenner INTENSE (00007045),P_US_ULTA,2025.M12,46347.0,
Kylie Jenner Fragrances,Kylie Jenner Mist Collection (01409),Kylie Jenner Mist Collection (00007114),P_US_ALL_OTHERS,2025.M09,23655.0,
Kylie Makeup,Collection (01319),Kylie Birthday (00006441),P_US_ALL_OTHERS,2024.M06,159.0,159.0
Kylie Makeup,Collection (01319),Kylie Collab 1 (00006444),P_US_ALL_OTHERS,2024.M06,60.0,60.0
Kylie Makeup,Collection (01319),Kylie Holiday (00006439),P_US_ALL_OTHERS,2024.M12,4863.0,33172.0
Kylie Makeup,Collection (01319),Kylie Holiday (00006439),P_US_ULTA,2024.M09,71616.0,106111.0
Kylie Makeup,Collection (01319),Kylie Spring (00006443),P_US_ULTA,2025.M04,23628.0,33754.0
Kylie Makeup,Collection (01319),Kylie Summer (00006440),P_US_ALL_OTHERS,2023.M12,864.0,864.0
Kylie Makeup,Collection (01319),Kylie Summer (00006440),P_US_ULTA,2024.M01,57803.0,163723.0
Kylie Makeup,Eyes (01244),Eyes Multi (00006012),P_US_ALL_OTHERS,2023.M09,84.0,11222.0
Kylie Makeup,Eyes (01244),Kylie Eye Brushes (00006121),P_US_ULTA,2023.M09,1.0,92.0
Kylie Makeup,Eyes (01244),Kylie Mascara Mini (00006119),P_US_ALL_OTHERS,2024.M03,24857.0,62542.0
Kylie Makeup,Eyes (01244),Kylie Mascara Mini (00006119),P_US_ULTA,2024.M03,37296.0,127832.0
Kylie Makeup,Eyes (01244),Kylie matte liquid eyeshadow (00006703),P_US_ULTA,2025.M06,3200.0,4000.0
Kylie Makeup,Face (01243),Kylie Beam Me Up Highlighter Stick (00006712),P_US_ULTA,2025.M04,17712.0,17712.0
Kylie Makeup,Face (01243),Kylie Blush Sticks (00006132),P_US_ALL_OTHERS,2024.M06,7000.0,13847.0
Kylie Makeup,Face (01243),Kylie Blush Sticks (00006132),P_US_ULTA,2024.M04,37191.0,76153.0
Kylie Makeup,Face (01243),Kylie Concealer (00006124),P_US_ALL_OTHERS,2023.M12,54713.0,152942.0
Kylie Makeup,Face (01243),Kylie Foundation (00006130),P_US_ALL_OTHERS,2023.M12,53358.0,80183.0
Kylie Makeup,Face (01243),Kylie Foundation (00006130),P_US_ULTA,2024.M11,2400.0,191147.0
Kylie Makeup,Face (01243),Kylie Hybrid Blush (00006713),P_US_ALL_OTHERS,2025.M06,2609.0,25331.0
Kylie Makeup,Face (01243),Kylie Hybrid Blush (00006713),P_US_ULTA,2025.M05,4032.0,136402.0
Kylie Makeup,Face (01243),Kylie Setting Spray (00006128),P_US_ALL_OTHERS,2023.M12,1927.0,2983.0
Kylie Makeup,Face (01243),Kylie Setting Spray (00006128),P_US_ULTA,2024.M01,7819.0,14601.0
Kylie Makeup,Face (01243),Kylie Skin Tint Foundation (00006730),P_US_ALL_OTHERS,2024.M06,22518.0,40188.0
Kylie Makeup,Face (01243),Kylie Skin Tint Foundation (00006730),P_US_ULTA,2024.M06,233460.0,341072.0
Kylie Makeup,Kylie Makeup Other (01223),Accesories (00006010),P_US_ALL_OTHERS,2023.M09,864.0,46301.0
Kylie Makeup,Kylie Makeup Other (01223),Accesories (00006010),P_US_ULTA,2023.M09,6240.0,75534.0
Kylie Makeup,Kylie Makeup Other (01223),Other Multi (00005863),P_US_ALL_OTHERS,2023.M09,19700.0,24150.0
Kylie Makeup,Kylie Makeup Other (01223),Other Multi (00005863),P_US_ULTA,2025.M09,399.0,
Kylie Makeup,Lips (01245),Kylie Blurred Liquid Lipstick (00006574),P_US_ULTA,2024.M09,70956.0,79461.0
Kylie Makeup,Lips (01245),Kylie Crème Lipstick (00006103),P_US_ALL_OTHERS,2023.M09,5791.0,14036.0
Kylie Makeup,Lips (01245),Kylie Matte Lipstick (00006102),P_US_ALL_OTHERS,2023.M09,5845.0,17079.0
Kylie Makeup,Lips (01245),Kylie Matte Lipstick Kit (00006104),P_US_ULTA,2025.M02,3000.0,3000.0
Kylie Makeup,Lips (01245),Kylie Plumping Lip Liner (00006746),P_US_ULTA,2024.M09,49920.0,109413.0
Kylie Makeup,Lips (01245),Kylie Precision Pout Lip Liner (00006731),P_US_ALL_OTHERS,2024.M01,14276.0,28524.0
Kylie Makeup,Lips (01245),Kylie Precision Pout Lip Liner (00006731),P_US_ULTA,2023.M12,3965.0,235979.0
Kylie Makeup,Lips (01245),Kylie Supple Kiss Lip Glaze (00006711),P_US_ALL_OTHERS,2024.M06,7491.0,23615.0
Kylie Makeup,Lips (01245),Kylie Supple Kiss Lip Glaze (00006711),P_US_ULTA,2024.M05,2688.0,159995.0
Kylie Makeup,Lips (01245),Kylie Supple Kiss Precision Lip Kit (00007015),P_US_ALL_OTHERS,2025.M06,360.0,33547.0
Kylie Makeup,Lips (01245),Kylie Supple Kiss Precision Lip Kit (00007015),P_US_ULTA,2025.M06,34320.0,268798.0
Kylie Makeup,Lips (01245),Kylie Transformative Lip Tint (00006724),P_US_ALL_OTHERS,2026.M02,150.0,
Kylie Makeup,Lips (01245),Kylie Transformative Lip Tint (00006724),P_US_ULTA,2024.M06,74624.0,78784.0
