House,Brand,PL,CFG,a12,a6,ap12,c12,cfwd,cuts,e6,ep6,last_cons,cut_rate,fwd_vs_run,epos_g,sellin_g
Burberry Make up,Burberry Eyes (01203),Burberry Beyond Volume Mascara (00006319),P_US_ALL_OTHERS,698.0,182.0,582.0,3451.3448275862065,4548.3448275862065,0.0,202.0,170.0,2029.M07,0.0,4.944620096828376,0.18823529411764706,-0.3745704467353952
Burberry Make up,Burberry Eyes (01203),Burberry Eyequads (00006359),P_US_ALL_OTHERS,5560.0,2765.0,2175.0,11323.0,24522.0,104.0,1646.0,1433.0,2029.M07,0.018361581920903956,2.0365107913669065,0.14863921842288905,1.542528735632184
Burberry Make up,Burberry Face (01205),BEYOND RADIANCE BASE (00006033),P_US_ALL_OTHERS,6779.0,4201.0,43897.0,6831.0,6981.0,45.0,0.0,173.0,2027.M12,0.006594372801875733,1.00767074789792,-1.0,-0.8085973984554753
Burberry Make up,Burberry Face (01205),Burberry Beyond Wear Blush (00006342),P_US_ALL_OTHERS,4277.0,2028.0,0.0,7192.33333333333,15135.33333333333,118.0,1127.0,1000.0,2029.M07,0.026848691695108076,1.6816304263112767,0.127,
Burberry Make up,Burberry Face (01205),Burberry Beyond Wear Concealer (00006339),P_US_ALL_OTHERS,9491.0,5027.0,876.0,15131.0,30703.0,2.0,252.0,131.0,2029.M07,0.00021068155482987464,1.5942471815404067,0.9236641221374046,10.47716894977169
Burberry Make up,Burberry Face (01205),Burberry Beyond Wear Loose Powder (00006341),P_US_ALL_OTHERS,1483.0,1125.0,0.0,2765.0,2765.0,18.0,347.0,5.0,2027.M05,0.011992005329780146,1.8644639244774106,68.4,
Burberry Make up,Burberry Face (01205),Burberry Beyond Wear Matte Primer (00006887),P_US_ALL_OTHERS,0.0,0.0,0.0,31959.0,33510.0,0.0,0.0,0.0,2028.M08,,,,
Burberry Make up,Burberry Face (01205),Burberry Beyond Wear Perfecting Mtt Foun (00006068),P_US_ALL_OTHERS,27392.0,6885.0,26556.0,19917.0,37088.0,145.0,444.0,276.0,2029.M07,0.005265642589969859,0.7271101051401869,0.6086956521739131,-0.4814731134206959
Burberry Make up,Burberry Face (01205),Burberry Beyond Wear Powder (00006340),P_US_ALL_OTHERS,1164.0,574.0,400.0,5103.0,8126.0,244.0,284.0,178.0,2029.M07,0.17329545454545456,4.384020618556701,0.5955056179775281,1.87
Burberry Make up,Burberry Face (01205),Burberry Beyond Wear Radiance Primer (00006888),P_US_ALL_OTHERS,46238.0,29398.0,452.0,110130.0,206408.0,2.0,558.0,310.0,2029.M07,4.325259515570934e-05,2.3818071715904665,0.8,129.0796460176991
Burberry Make up,Burberry Face (01205),Burberry Fresh Glow (00005730),P_US_ALL_OTHERS,0.0,0.0,0.0,0.0,0.0,0.0,0.0,0.0,,,,,
Burberry Make up,Burberry Face (01205),Burberry Matte Glow Foundation (00005740),P_US_ALL_OTHERS,0.0,0.0,0.0,0.0,0.0,0.0,0.0,0.0,,,,,
Burberry Make up,Burberry Face (01205),Burberry Outdoor Glow Powder (00007170),P_US_ALL_OTHERS,0.0,0.0,0.0,2640.0,10659.0,0.0,0.0,0.0,2029.M06,,,,
Burberry Make up,Burberry Lips (01204),Burberry Beyond Rouge Matte (00006479),P_US_ALL_OTHERS,0.0,0.0,0.0,49469.0,61361.0,0.0,0.0,0.0,2028.M08,,,,
Burberry Make up,Burberry Lips (01204),Burberry Beyond Rouge Satin (00006473),P_US_ALL_OTHERS,0.0,0.0,0.0,76988.0,86842.0,0.0,0.0,0.0,2028.M08,,,,
Burberry Make up,Burberry Lips (01204),Burberry Brit Matte Veil (00006803),P_US_ALL_OTHERS,0.0,0.0,0.0,1474.3448275862067,1474.3448275862067,0.0,0.0,0.0,2026.M10,,,,
Burberry Make up,Burberry Lips (01204),Burberry Brit Shine (00006037),P_US_ALL_OTHERS,7277.0,5159.0,1433.0,18382.666666666664,27064.666666666664,0.0,952.0,427.0,2029.M07,0.0,2.5261325637854424,1.2295081967213115,6.200279134682484
Burberry Make up,Burberry Lips (01204),Burberry Kisses Gloss (00005723),P_US_ALL_OTHERS,0.0,0.0,0.0,0.0,0.0,0.0,0.0,0.0,,,,,
Burberry Make up,Burberry Lips (01204),Burberry Kisses Liquid Matte (00006066),P_US_ALL_OTHERS,436.0,282.0,0.0,3962.0,4460.0,1.0,0.0,0.0,2029.M07,0.002288329519450801,9.087155963302752,,
Burberry Make up,Burberry Lips (01204),Burberry Kisses Matte (00005927),P_US_ALL_OTHERS,2140.0,668.0,1061.0,3458.0,3458.0,48.0,366.0,305.0,2027.M03,0.021937842778793418,1.6158878504672898,0.2,0.25918944392082943
Burberry Make up,Burberry Lips (01204),Burberry Kisses Matte Shade Extension (00006637),P_US_ALL_OTHERS,541.0,283.0,60.0,537.0,537.0,4.0,85.0,56.0,2027.M03,0.007339449541284404,0.9926062846580407,0.5178571428571429,8.433333333333334
Burberry Make up,Burberry Lips (01204),Burberry Kisses Reno (00005785),P_US_ALL_OTHERS,13764.0,2198.0,1878.0,5091.0,5091.0,174.0,760.0,528.0,2027.M03,0.01248385708136031,0.3698779424585876,0.4393939393939394,1.3407880724174654
Burberry Make up,Burberry Lips (01204),Burberry Kisses Sheer (00005722),P_US_ALL_OTHERS,0.0,0.0,0.0,0.0,0.0,0.0,0.0,0.0,,,,,
Burberry Make up,Burberry Lips (01204),Burberry Lip Velvet (00005719),P_US_ALL_OTHERS,0.0,0.0,0.0,0.0,0.0,0.0,0.0,0.0,,,,,
Burberry Make up,Burberry Lips (01204),Burberry Liquid Lip Velvet (00005720),P_US_ALL_OTHERS,0.0,0.0,0.0,0.0,0.0,0.0,0.0,0.0,,,,,
Burberry Make up,Burberry Others (01206),Burberry Colour Multiline (00005747),P_US_ALL_OTHERS,0.0,0.0,0.0,40.0,40.0,0.0,0.0,0.0,2026.M10,,,,
Burberry Make up,Burberry Others (01206),Burberry Makeup Gift Sets (00005743),P_US_ALL_OTHERS,0.0,0.0,0.0,0.0,0.0,0.0,0.0,0.0,,,,,
Gucci,Flora by Gucci (00837),Flora Garden Gardenia LE (00003443),P_US_ALL_OTHERS,0.0,0.0,0.0,0.0,0.0,0.0,0.0,0.0,,,,,
Gucci,Flora by Gucci (00837),Flora Garden LE19 (00005179),P_US_ALL_OTHERS,0.0,0.0,0.0,0.0,0.0,0.0,0.0,0.0,,,,,
Gucci,Flora by Gucci (00837),Flora Garden Magnolia (00003441),P_US_ALL_OTHERS,0.0,0.0,436.0,0.0,0.0,0.0,0.0,0.0,,,,,-1.0
Gucci,Flora by Gucci (00837),Flora Garden Magnolia (00003441),P_US_ULTA,0.0,0.0,5986.0,0.0,0.0,0.0,0.0,0.0,,,,,-1.0
Gucci,Flora by Gucci (00837),Flora by Gucci EDP (00003439),P_US_ALL_OTHERS,0.0,0.0,0.0,0.0,0.0,0.0,0.0,0.0,,,,,
Gucci,Flora by Gucci (00837),Flora by Gucci EDT (00003440),P_US_ALL_OTHERS,0.0,0.0,0.0,0.0,0.0,0.0,0.0,0.0,,,,,
Gucci,Gucci Bamboo (00838),Gucci Bamboo EDP (00003448),P_US_ALL_OTHERS,20613.0,4640.0,14311.0,11042.176470588234,11042.176470588234,427.0,2231.0,12062.0,2027.M06,0.02029467680608365,0.5356899272589256,-0.8150389653457139,-0.35154776046397873
Gucci,Gucci Bamboo (00838),Gucci Bamboo EDP (00003448),P_US_ULTA,4908.0,624.0,4205.0,3143.0,3143.0,0.0,762.0,2877.0,2027.M06,0.0,0.6403830480847595,-0.735140771637122,-0.7032104637336504
Gucci,Gucci Bamboo (00838),Gucci Bamboo EDT (00003449),P_US_ALL_OTHERS,173.0,30.0,381.0,57.0,57.0,87.0,45.0,390.0,2026.M11,0.3346153846153846,0.32947976878612717,-0.8846153846153846,-0.84251968503937
Gucci,Gucci Bamboo (00838),Gucci Bamboo EDT (00003449),P_US_ULTA,238.0,75.0,458.0,105.0,105.0,302.0,68.0,142.0,2026.M11,0.5592592592592592,0.4411764705882353,-0.5211267605633803,-0.6724890829694323
Gucci,Gucci Bloom (01043),Gucci Bloom - Acqua Di Fiori (00004477),P_US_ALL_OTHERS,0.0,0.0,0.0,0.0,0.0,0.0,0.0,0.0,,,,,
Gucci,Gucci Bloom (01043),Gucci Bloom - Gocce Di Fiori & Rituals (00004841),P_US_ALL_OTHERS,0.0,0.0,0.0,0.0,0.0,0.0,0.0,0.0,,,,,
Gucci,Gucci Bloom (01043),Gucci Bloom - Nettare Di Fiori (00004835),P_US_ALL_OTHERS,0.0,0.0,0.0,0.0,0.0,0.0,0.0,15.0,,,,-1.0,
Gucci,Gucci Bloom (01043),Gucci Bloom - Nettare Di Fiori (00004835),P_US_ULTA,0.0,0.0,0.0,0.0,0.0,0.0,0.0,0.0,,,,,
Gucci,Gucci Bloom (01043),Gucci Bloom Ambrosia Di Fiori (00005235),P_US_ALL_OTHERS,9.0,0.0,2424.0,362.0,362.0,0.0,272.0,1000.0,2026.M11,0.0,40.22222222222222,-0.728,-1.0
Gucci,Gucci Bloom (01043),Gucci Bloom Ambrosia Di Fiori (00005235),P_US_ULTA,0.0,0.0,573.0,0.0,0.0,0.0,0.0,4.0,,,,-1.0,-1.0
Gucci,Gucci Bloom (01043),Gucci Bloom Ambrosia dOro (00006855),P_US_ALL_OTHERS,161903.0,135283.0,0.0,109460.0,109460.0,871.0,13463.0,146.0,2027.M06,0.0053509774288277,0.6760838279710691,91.21232876712328,
Gucci,Gucci Bloom (01043),Gucci Bloom Ambrosia dOro (00006855),P_US_ULTA,40896.0,11862.0,0.0,261.0,261.0,0.0,4262.0,0.0,2026.M08,0.0,0.006382042253521127,,
Gucci,Gucci Bloom (01043),Gucci Bloom Chapter 5 - Line (00005236),P_US_ALL_OTHERS,0.0,0.0,8641.0,0.0,0.0,0.0,276.0,1614.0,,,,-0.828996282527881,-1.0
Gucci,Gucci Bloom (01043),Gucci Bloom Chapter 5 - Line (00005236),P_US_ULTA,0.0,0.0,758.0,0.0,0.0,0.0,0.0,0.0,,,,,-1.0
Gucci,Gucci Bloom (01043),Gucci Bloom Chrysalis (00006776),P_US_ALL_OTHERS,141449.0,17365.0,282632.0,31088.98407643312,31088.98407643312,128.0,5593.0,14282.0,2027.M06,0.0009041016549298261,0.21978935217946483,-0.6083881809270411,-0.8771193636955475
Gucci,Gucci Bloom (01043),Gucci Bloom Chrysalis (00006776),P_US_ULTA,4428.0,3219.0,40513.0,471.0159235668789,471.0159235668789,0.0,1867.0,3297.0,2027.M06,0.0,0.10637215979378475,-0.43372763117986046,-0.8410880458124552
Gucci,Gucci Bloom (01043),Gucci Bloom EDP (00004476),P_US_ALL_OTHERS,259967.0,78884.0,314913.0,96246.5,96246.5,3953.0,25569.0,52837.0,2027.M06,0.014978023643528342,0.3702258363561529,-0.5160777485474194,-0.49901083791396356
Gucci,Gucci Bloom (01043),Gucci Bloom EDP (00004476),P_US_ULTA,38897.0,15745.0,63399.0,25186.5,25186.5,8433.0,12310.0,16838.0,2027.M06,0.17817451933234735,0.6475178034295704,-0.2689155481648652,-0.5033044685247401
Gucci,Gucci Bloom (01043),Gucci Bloom EDP Intense (00006292),P_US_ALL_OTHERS,52229.0,13103.0,97365.0,24187.63225806451,24187.63225806451,12645.0,11257.0,20712.0,2027.M06,0.1949162992878503,0.4631073208000251,-0.45649864812668983,-0.7308478405998049
Gucci,Gucci Bloom (01043),Gucci Bloom EDP Intense (00006292),P_US_ULTA,10323.0,2900.0,8573.0,4683.367741935483,4683.367741935483,6145.0,2309.0,8244.0,2027.M06,0.3731479232450814,0.4536828191354725,-0.7199175157690442,-0.32345736614953924
Gucci,Gucci Bloom (01043),Gucci Bloom EDT (00005943),P_US_ALL_OTHERS,42217.0,20704.0,44205.0,50405.529987021,50405.529987021,41587.0,11255.0,20334.0,2027.M06,0.49624122953558303,1.1939628582566502,-0.4464935575882758,-0.06327338536364664
Gucci,Gucci Bloom (01043),Gucci Bloom EDT (00005943),P_US_ULTA,53383.0,16970.0,11080.0,16358.25385825772,16358.25385825772,12010.0,21661.0,9866.0,2027.M06,0.18365880140076155,0.30643189513998315,1.195519967565376,2.063176895306859
Gucci,Gucci Bloom (01043),Gucci Bloom Signature (00007298),P_US_ALL_OTHERS,0.0,0.0,0.0,62263.0,62263.0,0.0,0.0,0.0,2027.M06,,,,
Gucci,Gucci Flora (01228),Flora Gorgeous Jasmine  (00005984),P_US_ALL_OTHERS,55812.0,21245.0,90679.0,31647.00457001232,31647.00457001232,19553.0,17231.0,34465.0,2027.M06,0.2594440390101506,0.5670286778831133,-0.5000435224140433,-0.5314240342306378
Gucci,Gucci Flora (01228),Flora Gorgeous Jasmine  (00005984),P_US_ULTA,31263.0,3039.0,28654.0,7685.3631477490635,7685.3631477490635,12810.0,10272.0,18766.0,2027.M06,0.2906541419916956,0.24582935571599218,-0.45262709154854525,-0.7878830180777553
Gucci,Gucci Flora (01228),Gorgeous Gardenia (00005915),P_US_ALL_OTHERS,979060.0,253473.0,1192836.0,1421449.3000595411,1421449.3000595411,16253.0,154618.0,303185.0,2027.M06,0.016329536537752445,1.451851061282803,-0.4900209443079308,-0.5750077965453759
Gucci,Gucci Flora (01228),Gorgeous Gardenia (00005915),P_US_ULTA,506313.0,277540.0,260845.0,136917.3776111408,136917.3776111408,6697.0,85085.0,124844.0,2027.M06,0.013054326426385451,0.27042042691208956,-0.31846944987344206,1.1280070539975848
Gucci,Gucci Flora (01228),Gucci Flora Gorgeous Gardenia Intense (00007022),P_US_ALL_OTHERS,638007.0,318339.0,236179.0,75532.6385687483,75532.6385687483,9458.0,43118.0,68890.0,2027.M06,0.014607739414485725,0.11838841669252578,-0.37410364348962116,1.6957434826974456
Gucci,Gucci Flora (01228),Gucci Flora Gorgeous Gardenia Intense (00007022),P_US_ULTA,86962.0,32269.0,78829.0,23150.36143125167,23150.36143125167,2606.0,17825.0,25382.0,2027.M06,0.02909521257591997,0.2662123850791342,-0.29773067528169567,-0.18129114919636174
Gucci,Gucci Flora (01228),Gucci Flora Gorgeous Magnolia (00006454),P_US_ALL_OTHERS,68802.0,30728.0,270437.0,58204.45908497755,58204.45908497755,8352.0,23415.0,34617.0,2027.M06,0.10825103040671903,0.845970452675468,-0.3235982320825028,-0.7727529886812825
Gucci,Gucci Flora (01228),Gucci Flora Gorgeous Magnolia (00006454),P_US_ULTA,47184.0,29129.0,95748.0,26728.440591397848,26728.440591397848,3890.0,11357.0,19017.0,2027.M06,0.076163997337197,0.5664725455959191,-0.40279749697638956,-0.3915486485357397
Gucci,Gucci Flora (01228),Gucci Flora Gorgeous Magnolia EDPI (00007240),P_US_ALL_OTHERS,0.0,0.0,0.0,296609.0,296609.0,0.0,0.0,0.0,2027.M06,,,,
Gucci,Gucci Flora (01228),Gucci Flora Gorgeous Orchid (00006613),P_US_ALL_OTHERS,320539.0,139666.0,684013.0,421605.8924171241,421605.8924171241,3290.0,48994.0,69818.0,2027.M06,0.010159683042593468,1.3153029503964389,-0.29826119338852447,-0.5916276445038325
Gucci,Gucci Flora (01228),Gucci Flora Gorgeous Orchid (00006613),P_US_ULTA,67080.0,34667.0,143702.0,47306.77424954255,47306.77424954255,9257.0,24617.0,29963.0,2027.M06,0.12126491740571414,0.7052291927481,-0.17842005139672262,-0.5175154138425353
Gucci,Gucci Flora (01228),Gucci Flora Gorgeous Orchid Intense (00007099),P_US_ALL_OTHERS,257929.0,257929.0,0.0,1051557.0,1051557.0,3.0,11646.0,0.0,2027.M06,1.1630972504380999e-05,4.076924269857209,,
Gucci,Gucci Flora (01228),Gucci Flora Gorgeous Orchid Intense (00007099),P_US_ULTA,57524.0,57524.0,0.0,15291.0,15291.0,0.0,2684.0,0.0,2026.M08,0.0,0.26581948404144357,,
Gucci,Gucci Fragrance Other Lines (00845),Gucci Fragrance Other Lines (00003485),P_US_ALL_OTHERS,125.0,125.0,0.0,431558.0,431558.0,0.0,0.0,0.0,2027.M06,0.0,3452.464,,
Gucci,Gucci Fragrance Other Lines (00845),Gucci Fragrance Other Lines (00003485),P_US_ULTA,2275.0,2275.0,0.0,0.0,0.0,0.0,0.0,0.0,,0.0,0.0,,
Gucci,Gucci Guilty (00840),GUILTY COLOGNE (00005068),P_US_ALL_OTHERS,0.0,0.0,0.0,0.0,0.0,0.0,0.0,0.0,,,,,
Gucci,Gucci Guilty (00840),Gucci Guilty Absolute Pour Femme (00004475),P_US_ALL_OTHERS,173.0,63.0,1261.0,981.0,981.0,45.0,121.0,479.0,2027.M05,0.20642201834862386,5.670520231213873,-0.7473903966597077,-0.9000793021411578
Gucci,Gucci Guilty (00840),Gucci Guilty Absolute Pour Femme (00004475),P_US_ULTA,0.0,0.0,401.0,1.5,1.5,0.0,0.0,0.0,2026.M08,,,,-1.0
Gucci,Gucci Guilty (00840),Gucci Guilty Absolute Pour Homme (00003472),P_US_ALL_OTHERS,156.0,42.0,1299.0,272.0,272.0,0.0,165.0,244.0,2027.M06,0.0,1.7435897435897436,-0.3237704918032787,-0.9353348729792148
Gucci,Gucci Guilty (00840),Gucci Guilty Black (00003464),P_US_ALL_OTHERS,0.0,0.0,11431.0,19927.0,19927.0,0.0,0.0,0.0,2027.M04,,,,-1.0
Gucci,Gucci Guilty (00840),Gucci Guilty Black Pour Homme (00003465),P_US_ALL_OTHERS,312303.0,144830.0,525077.0,98561.05093833781,98561.05093833781,14864.0,51505.0,81029.0,2027.M06,0.045432454984763136,0.315594313658011,-0.36436337607523234,-0.44834757568889894
Gucci,Gucci Guilty (00840),Gucci Guilty Black Pour Homme (00003465),P_US_ULTA,159129.0,111734.0,109240.0,41373.949061662104,41373.949061662104,11137.0,9833.0,15549.0,2027.M06,0.06540941820445656,0.26000257062925114,-0.36761206508457134,1.0456609300622484
Gucci,Gucci Guilty (00840),Gucci Guilty Eau (00003466),P_US_ALL_OTHERS,0.0,0.0,0.0,0.0,0.0,0.0,0.0,0.0,,,,,
Gucci,Gucci Guilty (00840),Gucci Guilty Elixir PF (00006600),P_US_ALL_OTHERS,5482.0,1244.0,16942.0,7232.0,7232.0,0.0,1838.0,4062.0,2027.M06,0.0,1.3192265596497628,-0.5475135401280158,-0.8531460276236572
Gucci,Gucci Guilty (00840),Gucci Guilty Elixir PF (00006600),P_US_ULTA,326.0,26.0,5758.0,35.0,35.0,0.0,149.0,198.0,2026.M11,0.0,0.10736196319018405,-0.2474747474747475,-0.990969086488364
Gucci,Gucci Guilty (00840),Gucci Guilty Elixir PH (00006599),P_US_ALL_OTHERS,42358.0,23050.0,187322.0,21809.0,21809.0,122.0,13928.0,16956.0,2027.M06,0.002871939736346516,0.5148732234760848,-0.1785798537390894,-0.7538997021172099
Gucci,Gucci Guilty (00840),Gucci Guilty Elixir PH (00006599),P_US_ULTA,2957.0,1373.0,6985.0,3227.38775510204,3227.38775510204,0.0,1520.0,2070.0,2027.M06,0.0,1.0914398901258167,-0.26570048309178745,-0.6068718682891912
Gucci,Gucci Guilty (00840),Gucci Guilty Intense (00003468),P_US_ALL_OTHERS,0.0,0.0,0.0,0.0,0.0,0.0,0.0,0.0,,,,,
Gucci,Gucci Guilty (00840),Gucci Guilty Intense Pour Homme (00003469),P_US_ALL_OTHERS,0.0,0.0,0.0,34175.0,34175.0,0.0,0.0,0.0,2027.M04,,,,
Gucci,Gucci Guilty (00840),Gucci Guilty Limited Editions (00006601),P_US_ALL_OTHERS,1018.0,662.0,25744.0,0.0,0.0,1.0,0.0,0.0,,0.0009813542688910696,0.0,,-0.9485705407085147
Gucci,Gucci Guilty (00840),Gucci Guilty Limited Editions (00006601),P_US_ULTA,0.0,0.0,3600.0,0.0,0.0,0.0,0.0,0.0,,,,,-1.0
Gucci,Gucci Guilty (00840),Gucci Guilty Limited Editions F (00007090),P_US_ALL_OTHERS,69044.0,15660.0,134489.0,131724.0,131724.0,838.0,16270.0,21209.0,2027.M06,0.011991643055436306,1.907826892995771,-0.23287283700315903,-0.767118500397802
Gucci,Gucci Guilty (00840),Gucci Guilty Limited Editions F (00007090),P_US_ULTA,38887.0,26356.0,30674.0,2013.0,2013.0,382.0,6695.0,12533.0,2027.M06,0.009727775089765463,0.05176537146089953,-0.46581026091119443,0.7184586294581731
Gucci,Gucci Guilty (00840),Gucci Guilty Limited Editions M (00007089),P_US_ALL_OTHERS,73510.0,23357.0,157771.0,114324.0,114324.0,1608.0,16437.0,19422.0,2027.M06,0.021406320722063953,1.5552169772820024,-0.15369168983626816,-0.7039126328666231
Gucci,Gucci Guilty (00840),Gucci Guilty Limited Editions M (00007089),P_US_ULTA,16310.0,4439.0,28929.0,1649.0,1649.0,1689.0,4479.0,8860.0,2027.M06,0.09383854658592145,0.10110361741263028,-0.49446952595936794,-0.6931107193473677
Gucci,Gucci Guilty (00840),Gucci Guilty Liqueurs PF (00007144),P_US_ALL_OTHERS,5781.0,281.0,245.0,622.7272727272727,622.7272727272727,0.0,445.0,1264.0,2027.M06,0.0,0.1077196458618358,-0.6479430379746836,1.2938775510204081
Gucci,Gucci Guilty (00840),Gucci Guilty Liqueurs PF (00007144),P_US_ULTA,348.0,35.0,0.0,97.0,97.0,0.0,77.0,158.0,2027.M06,0.0,0.27873563218390807,-0.5126582278481012,
Gucci,Gucci Guilty (00840),Gucci Guilty Liqueurs PH (00007143),P_US_ALL_OTHERS,22010.0,3020.0,141.0,4946.793103448275,4946.793103448275,0.0,2520.0,9360.0,2027.M06,0.0,0.2247520719422206,-0.7307692307692307,41.836879432624116
Gucci,Gucci Guilty (00840),Gucci Guilty Liqueurs PH (00007143),P_US_ULTA,414.0,133.0,0.0,190.2068965517241,190.2068965517241,0.0,119.0,199.0,2027.M06,0.0,0.4594369481925703,-0.4020100502512563,
Gucci,Gucci Guilty (00840),Gucci Guilty Liqueurs PH PF (00006775),P_US_ALL_OTHERS,82383.0,32336.0,82719.0,56360.0,56360.0,516.0,0.0,0.0,2027.M06,0.006224441790612673,0.6841217241421167,,-0.21817236668721818
Gucci,Gucci Guilty (00840),Gucci Guilty Liqueurs PH PF (00006775),P_US_ULTA,20232.0,300.0,0.0,0.0,0.0,0.0,0.0,0.0,,0.0,0.0,,
Gucci,Gucci Guilty (00840),Gucci Guilty New Core PH (00007122),P_US_ALL_OTHERS,4479.0,4479.0,0.0,67535.0,67535.0,0.0,0.0,0.0,2027.M05,0.0,15.078142442509488,,
Gucci,Gucci Guilty (00840),Gucci Guilty New27 pour Homme (00007262),P_US_ALL_OTHERS,63614.0,63614.0,0.0,687453.0,692806.0,0.0,0.0,0.0,2029.M03,0.0,10.80663061590216,,
Gucci,Gucci Guilty (00840),Gucci Guilty New27 pour Homme (00007262),P_US_ULTA,0.0,0.0,0.0,25410.0,25410.0,0.0,0.0,0.0,2026.M08,,,,
Gucci,Gucci Guilty (00840),Gucci Guilty PF 21 (00005854),P_US_ALL_OTHERS,124489.0,42456.0,123765.0,70161.0,70161.0,5865.0,21307.0,37173.0,2027.M06,0.044992865581416755,0.563591963948622,-0.4268151615419794,-0.31392558477760274
Gucci,Gucci Guilty (00840),Gucci Guilty PF 21 (00005854),P_US_ULTA,66196.0,12164.0,42645.0,22391.0,22391.0,9715.0,9696.0,13580.0,2027.M06,0.12797881729920565,0.3382530666505529,-0.2860088365243004,-0.4295228045491851
Gucci,Gucci Guilty (00840),Gucci Guilty PF NEW 22 (00006018),P_US_ALL_OTHERS,4553.0,675.0,14690.0,13496.493333333332,13496.493333333332,3755.0,1400.0,4569.0,2027.M06,0.4519740009629273,2.964307782414525,-0.6935872182096738,-0.9081007488087134
Gucci,Gucci Guilty (00840),Gucci Guilty PF NEW 22 (00006018),P_US_ULTA,4187.0,1539.0,1789.0,1665.673333333333,1665.673333333333,16271.0,1426.0,2005.0,2027.M06,0.7953367875647669,0.3978202372422577,-0.2887780548628429,0.7205142537730576
Gucci,Gucci Guilty (00840),Gucci Guilty PH Eau de Parfum (00005405),P_US_ALL_OTHERS,464068.0,276592.0,373636.0,1355580.0,1355580.0,11730.0,36324.0,56495.0,2027.M06,0.024653319265738823,2.921080531301447,-0.3570404460571732,0.48054256013874463
Gucci,Gucci Guilty (00840),Gucci Guilty PH Eau de Parfum (00005405),P_US_ULTA,97628.0,38384.0,158408.0,20655.5,20655.5,9324.0,12613.0,12686.0,2027.M06,0.08717929538484553,0.21157352398901955,-0.005754374901466183,-0.515378011211555
Gucci,Gucci Guilty (00840),Gucci Guilty PH NEW 22 (00006019),P_US_ALL_OTHERS,20480.0,5059.0,50368.0,15430.0,15430.0,1457.0,7225.0,12059.0,2027.M06,0.06641746820440352,0.75341796875,-0.40086242640351605,-0.7991184879288437
Gucci,Gucci Guilty (00840),Gucci Guilty PH NEW 22 (00006019),P_US_ULTA,8084.0,4235.0,12092.0,5167.0,5167.0,3398.0,2671.0,4544.0,2027.M06,0.2959414736108692,0.6391637803067788,-0.4121919014084507,-0.2995368838901753
Gucci,Gucci Guilty (00840),Gucci Guilty Pour Femme (00003462),P_US_ALL_OTHERS,0.0,0.0,0.0,3627.0,3627.0,0.0,0.0,0.0,2026.M10,,,,
Gucci,Gucci Guilty (00840),Gucci Guilty Pour Femme EDP (00005015),P_US_ALL_OTHERS,69060.0,29147.0,168907.0,36166.0,36166.0,11490.0,15415.0,24953.0,2027.M06,0.14264432029795157,0.5236895453229076,-0.38223860858413816,-0.6548751679918535
Gucci,Gucci Guilty (00840),Gucci Guilty Pour Femme EDP (00005015),P_US_ULTA,23754.0,18969.0,50614.0,7703.0,7703.0,14267.0,2852.0,4156.0,2027.M06,0.3752399989479498,0.324282226151385,-0.31376323387872956,-0.250444541036077
Gucci,Gucci Guilty (00840),Gucci Guilty Pour Femme LE 20 (00005330),P_US_ALL_OTHERS,0.0,0.0,0.0,0.0,0.0,0.0,0.0,0.0,,,,,
Gucci,Gucci Guilty (00840),Gucci Guilty Pour Femme LE21 (00005824),P_US_ALL_OTHERS,0.0,0.0,0.0,0.0,0.0,0.0,0.0,0.0,,,,,
Gucci,Gucci Guilty (00840),Gucci Guilty Pour Homme (00003463),P_US_ALL_OTHERS,615401.0,294183.0,687227.0,399423.8613445378,399423.8613445378,10984.0,70724.0,110859.0,2027.M06,0.017535541240610807,0.649046493821976,-0.362036460729395,-0.14385494167138368
Gucci,Gucci Guilty (00840),Gucci Guilty Pour Homme (00003463),P_US_ULTA,52949.0,23691.0,52736.0,50971.1386554621,50971.1386554621,1502.0,9269.0,24621.0,2027.M06,0.027584433711042956,0.9626459169287824,-0.6235327565899029,-0.10152457524271845
Gucci,Gucci Guilty (00840),Gucci Guilty Pour Homme LE20 (00005331),P_US_ALL_OTHERS,0.0,0.0,0.0,0.0,0.0,0.0,0.0,0.0,,,,,
Gucci,Gucci Guilty (00840),Gucci Guilty Pour Homme LE21 (00005825),P_US_ALL_OTHERS,0.0,0.0,0.0,16484.0,16484.0,0.0,0.0,0.0,2027.M06,,,,
Gucci,Gucci Guilty (00840),Gucci Guilty Supreme Male (00006459),P_US_ALL_OTHERS,0.0,0.0,4600.0,0.0,0.0,0.0,0.0,0.0,,,,,-1.0
Gucci,Gucci Heritage Lines (00843),Gucci Rush (00003480),P_US_ALL_OTHERS,6138.0,3615.0,1063.0,1612.0,1612.0,0.0,1040.0,540.0,2027.M06,0.0,0.26262626262626265,0.9259259259259259,5.801505174035748
Gucci,Gucci Luxury Collection (01096),Gucci Luxury Collection (00004823),P_US_ALL_OTHERS,134496.0,86737.0,380328.0,333107.4666666665,333107.4666666665,427.0,1065.0,1781.0,2027.M06,0.003164768052889426,2.4767090966769754,-0.40202133632790565,-0.5438831745230432
Gucci,Gucci Luxury Collection (01096),Gucci Luxury Collection ROSES AND MUSKS (00006656),P_US_ALL_OTHERS,57427.0,21567.0,16.0,30848.66666666666,30848.66666666666,0.0,150.0,152.0,2027.M06,0.0,0.5371805364491731,-0.013157894736842105,2694.875
Gucci,Gucci Luxury Collection (01096),Gucci Luxury Collection SMALL SIZES (00006654),P_US_ALL_OTHERS,6030.0,3532.0,2009.0,7251.66666666666,7251.66666666666,1466.0,1617.0,1509.0,2027.M06,0.1955709711846318,1.2025981205085672,0.07157057654075547,2.516177202588352
Gucci,Gucci Luxury Collection (01096),Gucci Luxury Collection SMALL SIZES (00006654),P_US_ULTA,0.0,0.0,0.0,9.5,9.5,0.0,0.0,0.0,2026.M08,,,,
Gucci,Gucci Memoire d'une Odeur (01101),Gucci Memoire d'une Odeur - EDP (00004836),P_US_ALL_OTHERS,0.0,0.0,0.0,0.0,0.0,0.0,0.0,76.0,,,,-1.0,
Gucci,Gucci by Gucci (00839),Gucci Oud Intense (00003457),P_US_ALL_OTHERS,11039.0,4199.0,9169.0,9255.0,9255.0,1507.0,4007.0,4831.0,2027.M06,0.1201179658855412,0.8383911586194401,-0.1705651003932933,-0.0840876867706402
Gucci,Gucci by Gucci (00839),Gucci by Gucci Pour Homme (00003453),P_US_ALL_OTHERS,0.0,0.0,0.0,0.0,0.0,0.0,0.0,0.0,,,,,
Gucci,Gucci by Gucci (00839),Gucci by Gucci Pour Homme II (00003454),P_US_ALL_OTHERS,0.0,0.0,0.0,0.0,0.0,0.0,0.0,0.0,,,,,
Gucci Make up,Gucci Eyes (01199),Gucci Brow Pen (00005650),P_US_ALL_OTHERS,3251.0,1438.0,8824.0,1586.0,1586.0,1813.0,1247.0,2169.0,2027.M06,0.3580173775671406,0.4878498923408182,-0.4250806823420931,-0.6740707162284678
Gucci Make up,Gucci Eyes (01199),Gucci Brow Pen (00005650),P_US_ULTA,0.0,0.0,0.0,9.5,9.5,0.0,0.0,0.0,2026.M08,,,,
Gucci Make up,Gucci Eyes (01199),Gucci D(EYE)Y Palette (00005655),P_US_ALL_OTHERS,532.0,44.0,1344.0,263.0,263.0,387.0,200.0,802.0,2027.M06,0.4211099020674646,0.4943609022556391,-0.7506234413965087,-0.9345238095238095
Gucci Make up,Gucci Eyes (01199),Gucci Extra Volume Mascara (00005656),P_US_ALL_OTHERS,3.0,0.0,0.0,0.0,0.0,0.0,0.0,0.0,,0.0,0.0,,
Gucci Make up,Gucci Eyes (01199),Gucci Eye Khôl (00005653),P_US_ALL_OTHERS,4390.0,1709.0,12226.0,2463.0,2463.0,127.0,1564.0,2435.0,2027.M06,0.028116006198804517,0.5610478359908884,-0.35770020533880903,-0.7204318665139866
Gucci Make up,Gucci Eyes (01199),Gucci Eye Khôl (00005653),P_US_ULTA,0.0,0.0,0.0,12.5,12.5,0.0,0.0,0.0,2026.M08,,,,
Gucci Make up,Gucci Eyes (01199),Gucci Eye Shadow Palette (00005856),P_US_ALL_OTHERS,2895.0,2895.0,150.0,1006.0,1006.0,0.0,1055.0,0.0,2026.M08,0.0,0.3474956822107081,,37.6
Gucci Make up,Gucci Eyes (01199),Gucci Eyelashes (00006501),P_US_ALL_OTHERS,0.0,0.0,1736.0,0.0,0.0,0.0,0.0,0.0,,,,,-1.0
Gucci Make up,Gucci Eyes (01199),Gucci Eyeliner (00005652),P_US_ALL_OTHERS,984.0,314.0,4253.0,678.0,678.0,0.0,373.0,826.0,2027.M06,0.0,0.6890243902439024,-0.5484261501210653,-0.8523395250411474
Gucci Make up,Gucci Eyes (01199),Gucci Mascara Ultra Volume (00006080),P_US_ALL_OTHERS,20931.0,13226.0,35191.0,15885.0,15885.0,404.0,2942.0,4798.0,2027.M06,0.018936020623388797,0.758922172853662,-0.38682784493538974,-0.24833053905828195
Gucci Make up,Gucci Eyes (01199),Gucci Multidimensional Mascara (00005647),P_US_ALL_OTHERS,59662.0,17017.0,114340.0,55999.0,55999.0,3335.0,15747.0,18199.0,2027.M06,0.0529390288426433,0.938604136636385,-0.13473267761964944,-0.7023438866538394
Gucci Make up,Gucci Eyes (01199),Gucci Waterproof Mascara (00005649),P_US_ALL_OTHERS,500.0,100.0,32216.0,0.0,0.0,0.0,0.0,0.0,,0.0,0.0,,-0.9937919046436553
Gucci Make up,Gucci Face (01201),Gucci Beauty Powder No Talc (00007041),P_US_ALL_OTHERS,26655.0,9365.0,6789.0,22509.66666666666,22509.66666666666,3240.0,9123.0,10859.0,2027.M06,0.10837932764676367,0.8444819608578751,-0.15986739110415324,1.7588746501693917
Gucci Make up,Gucci Face (01201),Gucci Blush Powder (00006171),P_US_ALL_OTHERS,37892.0,12518.0,63433.0,48671.0,48671.0,14377.0,12142.0,21295.0,2027.M06,0.27505787369186324,1.2844663781273091,-0.4298192063864757,-0.6053158450648716
Gucci Make up,Gucci Face (01201),Gucci Blush Powder (00006171),P_US_ULTA,0.0,0.0,0.0,166.0,166.0,0.0,0.0,0.0,2026.M08,,,,
Gucci Make up,Gucci Face (01201),Gucci Color Correcting Powder (00007043),P_US_ALL_OTHERS,0.0,0.0,0.0,528.0,528.0,0.0,0.0,0.0,2027.M05,,,,
Gucci Make up,Gucci Face (01201),Gucci Compact Finishing Powder (00005674),P_US_ALL_OTHERS,27.0,3.0,19463.0,103.0,103.0,0.0,16.0,621.0,2027.M06,0.0,3.814814814814815,-0.9742351046698873,-0.9996917227559986
Gucci Make up,Gucci Face (01201),Gucci Cream (00006636),P_US_ALL_OTHERS,126514.0,12203.0,92941.0,65180.6666666666,65180.6666666666,30.0,7258.0,10853.0,2027.M06,0.0002370716904792009,0.5152051683344657,-0.3312448171012623,-0.7374032988670232
Gucci Make up,Gucci Face (01201),Gucci Face Bronzing Powder (00005685),P_US_ALL_OTHERS,58832.0,30371.0,43048.0,75427.0,75427.0,98361.0,27279.0,22573.0,2027.M06,0.6257339703421908,1.2820743812890945,0.2084791565144199,0.41102954841107603
Gucci Make up,Gucci Face (01201),Gucci Face Compact Primer (00005682),P_US_ALL_OTHERS,167.0,0.0,4173.0,0.0,0.0,0.0,4.0,357.0,,0.0,0.0,-0.988795518207283,-1.0
Gucci Make up,Gucci Face (01201),Gucci Face Concealer (00005677),P_US_ALL_OTHERS,18634.0,5900.0,95434.0,73340.0,73340.0,16566.0,6187.0,7844.0,2027.M06,0.470625,3.9358162498658364,-0.21124426313105557,-0.8763543391244211
Gucci Make up,Gucci Face (01201),Gucci Face Cushion (00005684),P_US_ALL_OTHERS,0.0,0.0,0.0,0.0,0.0,0.0,0.0,0.0,,,,,
Gucci Make up,Gucci Face (01201),Gucci Face Liquid Primer (00005678),P_US_ALL_OTHERS,18832.0,11341.0,26505.0,13286.0,13286.0,642.0,3003.0,3521.0,2027.M06,0.03296703296703297,0.7055012744265081,-0.147117296222664,-0.14423693642708924
Gucci Make up,Gucci Face (01201),Gucci Face Multiline (00005680),P_US_ALL_OTHERS,1032.0,540.0,0.0,0.0,0.0,0.0,0.0,0.0,,0.0,0.0,,
Gucci Make up,Gucci Face (01201),Gucci Glow Blush (00007042),P_US_ALL_OTHERS,25675.0,8892.0,0.0,27939.96666666666,27939.96666666666,5689.0,7453.0,3757.0,2027.M06,0.18138630276750414,1.0882168127231415,0.9837636412030876,
Gucci Make up,Gucci Face (01201),Gucci Glow Cushion (00007044),P_US_ALL_OTHERS,0.0,0.0,0.0,0.0,0.0,0.0,0.0,0.0,,,,,
Gucci Make up,Gucci Face (01201),Gucci Highlighting Powder (00006538),P_US_ALL_OTHERS,29068.0,9601.0,41064.0,13496.633333333326,13496.633333333326,1803.0,10410.0,14734.0,2027.M06,0.05840432768617797,0.4643124168616116,-0.2934708836704222,-0.5323884667835573
Gucci Make up,Gucci Face (01201),Gucci Liquid Light Drop (00006279),P_US_ALL_OTHERS,0.0,0.0,11.0,0.0,0.0,0.0,0.0,0.0,,,,,-1.0
Gucci Make up,Gucci Face (01201),Gucci Matt Foundation (00006173),P_US_ALL_OTHERS,24297.0,9978.0,188827.0,23535.0,23535.0,49303.0,8383.0,7711.0,2027.M06,0.6698777173913043,0.9686381034695641,0.08714822980158216,-0.8943159611708071
Gucci Make up,Gucci Face (01201),Gucci Matt Foundation (00006173),P_US_ULTA,0.0,0.0,0.0,44.0,44.0,0.0,0.0,0.0,2026.M08,,,,
Gucci Make up,Gucci Face (01201),Gucci Multi Usage Gloss (00005676),P_US_ALL_OTHERS,2444.0,1029.0,3262.0,1758.0,1758.0,2264.0,1128.0,1314.0,2027.M05,0.48088360237892946,0.7193126022913257,-0.1415525114155251,-0.36909871244635195
Gucci Make up,Gucci Face (01201),Gucci Satin Liquid Foundation (00005672),P_US_ALL_OTHERS,0.0,0.0,0.0,0.0,0.0,0.0,0.0,0.0,,,,,
Gucci Make up,Gucci Face (01201),Gucci Setting Spray (00005881),P_US_ALL_OTHERS,5676.0,2832.0,5605.0,4622.0,4622.0,750.0,2039.0,2366.0,2027.M06,0.11671335200746966,0.8143058491895702,-0.1382079459002536,0.010526315789473684
Gucci Make up,Gucci Lips (01200),Gucci Glitter lipstick (00005665),P_US_ALL_OTHERS,0.0,0.0,0.0,0.0,0.0,0.0,0.0,0.0,,,,,
Gucci Make up,Gucci Lips (01200),Gucci Lip Balm (00005662),P_US_ALL_OTHERS,2536.0,932.0,5629.0,1302.0,1302.0,154.0,945.0,1286.0,2027.M06,0.05724907063197026,0.5134069400630915,-0.2651632970451011,-0.6688577011902647
Gucci Make up,Gucci Lips (01200),Gucci Lip Balm Pot (00005668),P_US_ALL_OTHERS,6761.0,2103.0,8613.0,3923.0,3923.0,2536.0,2400.0,3579.0,2027.M06,0.27277616435409274,0.5802396095252181,-0.3294216261525566,-0.5116684082201324
Gucci Make up,Gucci Lips (01200),Gucci Lip Gloss (00005667),P_US_ALL_OTHERS,89583.0,81684.0,16373.0,32053.0,32053.0,321.0,3490.0,7784.0,2027.M06,0.0035704751735184197,0.35780226158981054,-0.5516443987667009,8.977890429365418
Gucci Make up,Gucci Lips (01200),Gucci Lip Gloss (00005667),P_US_ULTA,0.0,0.0,0.0,43.0,43.0,0.0,0.0,0.0,2026.M08,,,,
Gucci Make up,Gucci Lips (01200),Gucci Lip Liner (00005855),P_US_ALL_OTHERS,2410.0,867.0,6104.0,600.0,600.0,513.0,851.0,1368.0,2027.M06,0.17550461854259322,0.24896265560165975,-0.37792397660818716,-0.7159239842726082
Gucci Make up,Gucci Lips (01200),Gucci Lip Liner (00005855),P_US_ULTA,0.0,0.0,0.0,37.5,37.5,0.0,0.0,0.0,2026.M08,,,,
Gucci Make up,Gucci Lips (01200),Gucci Lip Plumping Gloss (00006486),P_US_ALL_OTHERS,0.0,0.0,0.0,13459.0,13459.0,0.0,0.0,0.0,2026.M09,,,,
Gucci Make up,Gucci Lips (01200),Gucci Liquid Tint Lipstick (00007209),P_US_ALL_OTHERS,37261.0,37261.0,0.0,42117.0,42117.0,18361.0,16557.0,0.0,2027.M05,0.330103196576894,1.1303239311881055,,
Gucci Make up,Gucci Lips (01200),Gucci Matte Lipstick (00005663),P_US_ALL_OTHERS,137192.0,62854.0,207969.0,95384.0,95384.0,18804.0,11455.0,19417.0,2027.M06,0.12054155234749608,0.6952591987871013,-0.41005304629963435,-0.3955445282710404
Gucci Make up,Gucci Lips (01200),Gucci Matte Lipstick (00005663),P_US_ULTA,0.0,0.0,0.0,18.0,18.0,0.0,0.0,0.0,2026.M08,,,,
Gucci Make up,Gucci Lips (01200),Gucci Matte lip liquid (00005670),P_US_ALL_OTHERS,13914.0,4720.0,19344.0,10009.93333333332,10009.93333333332,7546.0,4137.0,7809.0,2027.M06,0.3516309412861137,0.7194144985865545,-0.47022666154437187,-0.5119933829611248
Gucci Make up,Gucci Lips (01200),Gucci Metallic lipstick (00005664),P_US_ALL_OTHERS,0.0,0.0,0.0,0.0,0.0,0.0,0.0,0.0,,,,,
Gucci Make up,Gucci Lips (01200),Gucci Satin Lipstick (00005660),P_US_ALL_OTHERS,16833.0,6984.0,23173.0,11993.0,11993.0,32277.0,4799.0,8657.0,2027.M06,0.6572388515577275,0.7124695538525515,-0.44565091833198567,-0.39722953437189834
Gucci Make up,Gucci Lips (01200),Gucci Satin Lipstick (00005660),P_US_ULTA,0.0,0.0,0.0,15.0,15.0,0.0,0.0,0.0,2026.M08,,,,
Gucci Make up,Gucci Lips (01200),Gucci Sheer Lipstick (00005661),P_US_ALL_OTHERS,8335.0,3430.0,86148.0,26557.5,26557.5,361.0,2377.0,3725.0,2027.M06,0.04151333946642134,3.18626274745051,-0.3618791946308725,-0.9203695965083345
Gucci Make up,Gucci Lips (01200),Gucci Sheer Lipstick (00005661),P_US_ULTA,0.0,0.0,0.0,62.5,62.5,0.0,0.0,0.0,2026.M08,,,,
Gucci Make up,Gucci Lips (01200),Gucci Shine lipstick (00005671),P_US_ALL_OTHERS,52162.0,20476.0,52109.0,138147.92233502527,138147.92233502527,22363.0,9999.0,15441.0,2027.M06,0.3000738007380074,2.6484399051996714,-0.35243831358072664,-0.2141088871404172
Gucci Make up,Gucci Lips (01200),Gucci Shine lipstick (00005671),P_US_ULTA,0.0,0.0,0.0,77.6776649746192,77.6776649746192,0.0,0.0,0.0,2026.M08,,,,
Gucci Make up,Gucci Others (01202),Gucci Color Multiline (00005687),P_US_ALL_OTHERS,14214.0,665.0,66777.0,0.0,0.0,342.0,190.0,5805.0,,0.023495465787304205,0.0,-0.967269595176572,-0.9800829626967369
Gucci Make up,Gucci Others (01202),Gucci Nail Polish (00005688),P_US_ALL_OTHERS,5941.0,2345.0,9491.0,3040.0,3040.0,6908.0,1955.0,3552.0,2027.M06,0.5376293875009729,0.511698367278236,-0.44960585585585583,-0.5058476451374987
Gucci Make up,Gucci Others (01202),Gucci Nail Polish (00005858),P_US_ALL_OTHERS,119.0,25.0,188.0,0.0,0.0,0.0,51.0,106.0,,0.0,0.0,-0.5188679245283019,-0.7340425531914894
Kylie Jenner Fragrances,Cosmic Kylie Jenner (01246),Cosmic Kylie Jenner (00006014),P_US_ALL_OTHERS,113359.0,20650.0,207884.0,190723.0,320544.0,36.0,17377.0,35226.0,2029.M07,0.0003174743154460073,1.682468970262617,-0.5066995968886617,-0.8013315118046603
Kylie Jenner Fragrances,Cosmic Kylie Jenner (01246),Cosmic Kylie Jenner (00006014),P_US_ULTA,348819.0,91207.0,515703.0,192939.0,192939.0,8596.0,107823.0,167023.0,2027.M06,0.024050473539163158,0.5531206728991254,-0.3544422025709034,-0.646280901992038
Kylie Jenner Fragrances,Cosmic Kylie Jenner (01246),Cosmic Kylie Jenner FLANKER (00006785),P_US_ALL_OTHERS,61504.0,6301.0,810.0,2537.171934260429,4056.171934260429,0.0,4976.0,8660.0,2029.M07,0.0,0.04125214513300646,-0.4254041570438799,14.558024691358025
Kylie Jenner Fragrances,Cosmic Kylie Jenner (01246),Cosmic Kylie Jenner FLANKER (00006785),P_US_ULTA,56043.0,6222.0,545624.0,17181.82806573957,30625.82806573957,0.0,44284.0,42272.0,2029.M07,0.0,0.3065829464114978,0.04759651778955337,-0.9771930853481519
Kylie Jenner Fragrances,Cosmic Kylie Jenner (01246),Cosmic Kylie Jenner INTENSE (00007045),P_US_ALL_OTHERS,15442.0,15442.0,0.0,200148.0,214584.0,0.0,2152.0,1553.0,2028.M07,0.0,12.961274446315244,0.38570508692852545,
Kylie Jenner Fragrances,Cosmic Kylie Jenner (01246),Cosmic Kylie Jenner INTENSE (00007045),P_US_ULTA,299097.0,247914.0,0.0,15840.0,15840.0,687.0,99689.0,17485.0,2026.M08,0.002291649987991354,0.052959407817530765,4.701401201029454,
Kylie Jenner Fragrances,Cosmic Kylie Jenner (01246),Cosmic Kylie Jenner Pearl (00007271),P_US_ALL_OTHERS,0.0,0.0,0.0,410076.0,506772.0,0.0,0.0,0.0,2029.M06,,,,
Kylie Jenner Fragrances,Kylie Jenner Mist Collection (01409),Kylie Jenner Mist Collection (00007114),P_US_ALL_OTHERS,51340.0,19216.0,0.0,104570.0,104570.0,0.0,14832.0,17887.0,2027.M06,0.0,2.0368134008570316,-0.17079443171018058,
Kylie Jenner Fragrances,Kylie Jenner Mist Collection (01409),Kylie Jenner Mist Collection (00007114),P_US_ULTA,64708.0,64708.0,0.0,16927.0,17677.0,0.0,13320.0,0.0,2027.M12,0.0,0.26159052976448044,,
Kylie Jenner Fragrances,Kylie Jenner Mood Stones (01396),Kylie Jenner Mood Stones (00007046),P_US_ALL_OTHERS,1266.0,1266.0,0.0,908149.4344827586,1718047.4344827586,0.0,0.0,0.0,2028.M08,0.0,717.337625973743,,
Kylie Jenner Fragrances,Kylie Jenner Mood Stones (01396),Kylie Jenner Mood Stones (00007046),P_US_ULTA,414978.0,414978.0,0.0,48793.0,48793.0,0.0,106.0,0.0,2026.M08,0.0,0.1175797271180641,,
Kylie Makeup,Collection (01319),Kylie Birthday (00006441),P_US_ALL_OTHERS,0.0,0.0,0.0,0.0,0.0,0.0,0.0,0.0,,,,,
Kylie Makeup,Collection (01319),Kylie Collab 1 (00006444),P_US_ALL_OTHERS,0.0,0.0,0.0,0.0,0.0,0.0,4.0,8.0,,,,-0.5,
Kylie Makeup,Collection (01319),Kylie Gift Set (00006458),P_US_ALL_OTHERS,0.0,0.0,53577.0,6824.0,6824.0,0.0,780.0,8083.0,2026.M10,,,-0.9035011753061982,-1.0
Kylie Makeup,Collection (01319),Kylie Gift Set (00006458),P_US_ULTA,0.0,0.0,39130.0,0.0,0.0,0.0,0.0,51.0,,,,-1.0,-1.0
Kylie Makeup,Collection (01319),Kylie Halloween (00006442),P_US_ALL_OTHERS,0.0,0.0,0.0,0.0,0.0,0.0,0.0,0.0,,,,,
Kylie Makeup,Collection (01319),Kylie Holiday (00006439),P_US_ALL_OTHERS,25122.0,39.0,8089.0,25000.0,25000.0,0.0,1525.0,19936.0,2026.M10,0.0,0.9951436987500996,-0.9235052166934189,-0.9903572753121523
Kylie Makeup,Collection (01319),Kylie Holiday (00006439),P_US_ULTA,18624.0,0.0,106111.0,0.0,0.0,0.0,0.0,9864.0,,0.0,0.0,-1.0,-1.0
Kylie Makeup,Collection (01319),Kylie Spring (00006443),P_US_ULTA,7.0,7.0,33754.0,0.0,0.0,3.0,112.0,1342.0,,0.3,0.0,-0.9165424739195231,-0.9995852343425964
Kylie Makeup,Collection (01319),Kylie Summer (00006440),P_US_ALL_OTHERS,0.0,0.0,0.0,8650.0,8650.0,0.0,23.0,30.0,2027.M03,,,-0.23333333333333334,
Kylie Makeup,Collection (01319),Kylie Summer (00006440),P_US_ULTA,50974.0,9976.0,42825.0,28543.0,127927.0,13144.0,14590.0,34623.0,2029.M07,0.20499703671355937,0.5599521324596853,-0.5786038182710914,-0.5341039112667835
Kylie Makeup,Eyes (01244),Eyes Multi (00006012),P_US_ALL_OTHERS,0.0,0.0,24.0,0.0,0.0,0.0,71.0,267.0,,,,-0.7340823970037453,-1.0
Kylie Makeup,Eyes (01244),Eyes Multi (00006012),P_US_ULTA,0.0,0.0,5.0,0.0,0.0,3.0,0.0,267.0,,1.0,,-1.0,-1.0
Kylie Makeup,Eyes (01244),Kylie Brow Gel (00006107),P_US_ALL_OTHERS,830.0,279.0,701.0,508.5,1325.5,11.0,248.0,296.0,2029.M07,0.013079667063020214,0.6126506024096385,-0.16216216216216217,-0.20399429386590584
Kylie Makeup,Eyes (01244),Kylie Brow Gel (00006107),P_US_ULTA,4593.0,2390.0,3945.0,4845.0,13865.0,66.0,1799.0,1878.0,2029.M07,0.014166130070830651,1.054866100587851,-0.04206602768903089,0.21166032953105196
Kylie Makeup,Eyes (01244),Kylie Brow Highlighter (00006110),P_US_ALL_OTHERS,0.0,0.0,0.0,0.0,0.0,0.0,8.0,14.0,,,,-0.42857142857142855,
Kylie Makeup,Eyes (01244),Kylie Brow Highlighter (00006110),P_US_ULTA,6.0,0.0,576.0,0.0,0.0,4.0,0.0,0.0,,0.4,0.0,,-1.0
Kylie Makeup,Eyes (01244),Kylie Brow Kit (00006112),P_US_ALL_OTHERS,0.0,0.0,0.0,0.0,0.0,0.0,4.0,46.0,,,,-0.9130434782608695,
Kylie Makeup,Eyes (01244),Kylie Brow Kit (00006112),P_US_ULTA,0.0,0.0,0.0,0.0,0.0,0.0,0.0,0.0,,,,,
Kylie Makeup,Eyes (01244),Kylie Brow Pencil (00006108),P_US_ALL_OTHERS,0.0,0.0,30.0,0.0,0.0,0.0,0.0,0.0,,,,,-1.0
Kylie Makeup,Eyes (01244),Kylie Brow Pencil (00006108),P_US_ULTA,0.0,0.0,819.0,0.0,0.0,0.0,0.0,0.0,,,,,-1.0
Kylie Makeup,Eyes (01244),Kylie Brow Pomade (00006109),P_US_ULTA,0.0,0.0,0.0,0.0,0.0,0.0,0.0,0.0,,,,,
Kylie Makeup,Eyes (01244),Kylie E/S Palette (00006116),P_US_ALL_OTHERS,4916.0,2464.0,12853.0,3881.0,17487.0,2646.0,2132.0,4492.0,2029.M07,0.34990743189632373,0.7894629780309195,-0.5253784505788067,-0.616587567104956
Kylie Makeup,Eyes (01244),Kylie E/S Palette (00006116),P_US_ULTA,1562.0,446.0,15999.0,580.0,1300.0,433.0,524.0,1633.0,2029.M07,0.21704260651629073,0.3713188220230474,-0.6791181873851806,-0.9442465154072129
Kylie Makeup,Eyes (01244),Kylie Eye Brushes (00006121),P_US_ULTA,141.0,55.0,12.0,0.0,0.0,66.0,146.0,229.0,,0.3188405797101449,0.0,-0.3624454148471616,8.166666666666666
Kylie Makeup,Eyes (01244),Kylie False Lashes (00006120),P_US_ALL_OTHERS,20.0,20.0,16.0,0.0,0.0,0.0,22.0,15.0,,0.0,0.0,0.4666666666666667,1.5
Kylie Makeup,Eyes (01244),Kylie False Lashes (00006120),P_US_ULTA,0.0,0.0,0.0,0.0,0.0,0.0,0.0,0.0,,,,,
Kylie Makeup,Eyes (01244),Kylie Gel Pencil (00006114),P_US_ALL_OTHERS,6980.0,2882.0,7355.0,6184.526277636825,17255.526277636825,17.0,2591.0,4065.0,2029.M07,0.0024296126911533514,0.8860352833290581,-0.36260762607626074,-0.21631543167912984
Kylie Makeup,Eyes (01244),Kylie Gel Pencil (00006114),P_US_ULTA,18137.0,8757.0,20836.0,17732.47372236317,50976.47372236317,2.0,6521.0,8280.0,2029.M07,0.00011025966150283919,0.9776960755562205,-0.21243961352657004,-0.15943559224419274
Kylie Makeup,Eyes (01244),Kylie Liquid Pen (00006113),P_US_ALL_OTHERS,1823.0,1529.0,693.0,1294.0,3707.0,10.0,690.0,476.0,2029.M07,0.005455537370430988,0.7098189797037849,0.4495798319327731,3.4126984126984126
Kylie Makeup,Eyes (01244),Kylie Liquid Pen (00006113),P_US_ULTA,0.0,0.0,0.0,0.0,0.0,0.0,0.0,0.0,,,,,
Kylie Makeup,Eyes (01244),Kylie Mascara Cream (00006117),P_US_ALL_OTHERS,5338.0,2569.0,11358.0,211083.16969209287,221689.16969209287,11.0,3106.0,4024.0,2029.M07,0.002056459151243223,39.543493760227214,-0.22813121272365805,-0.547631625286142
Kylie Makeup,Eyes (01244),Kylie Mascara Cream (00006117),P_US_ULTA,51579.0,22941.0,34214.0,23014.96551724137,125778.96551724136,1429.0,20802.0,22083.0,2029.M07,0.026958194989435556,0.44620805981584305,-0.05800842276864557,0.34102998772432336
Kylie Makeup,Eyes (01244),Kylie Mascara Mini (00006119),P_US_ALL_OTHERS,32655.0,1401.0,21970.0,9841.19354838709,23904.19354838709,7.0,183.0,314.0,2028.M08,0.0002143163309044149,0.301368658655247,-0.4171974522292994,-0.8724624487938097
Kylie Makeup,Eyes (01244),Kylie Mascara Mini (00006119),P_US_ULTA,72277.0,46277.0,104323.0,4505.8064516129,5111.8064516129,0.0,509.0,1930.0,2028.M08,0.0,0.06234080622622549,-0.7362694300518134,-0.11281309011435638
Kylie Makeup,Eyes (01244),Kylie matte liquid eyeshadow (00006703),P_US_ULTA,0.0,0.0,4000.0,0.0,0.0,0.0,0.0,0.0,,,,,-1.0
Kylie Makeup,Face (01243),Face Multi (00006011),P_US_ALL_OTHERS,3558.0,3264.0,450.0,11188.666666666666,20938.666666666664,127.0,204.0,272.0,2028.M06,0.0344640434192673,3.1446505527449875,-0.25,13.506666666666666
Kylie Makeup,Face (01243),Face Multi (00006011),P_US_ULTA,20320.0,19240.0,1009.0,5107.0,5107.0,0.0,4989.0,213.0,2026.M08,0.0,0.2513287401574803,22.422535211267604,37.136769078295345
Kylie Makeup,Face (01243),Kylie Beam Me Up Highlighter Stick (00006712),P_US_ULTA,0.0,0.0,17712.0,22800.0,22800.0,0.0,67.0,1391.0,2027.M03,,,-0.9518332135154565,-1.0
Kylie Makeup,Face (01243),Kylie Blush Sticks (00006132),P_US_ALL_OTHERS,3998.0,1810.0,7231.0,852.0,852.0,0.0,1967.0,2144.0,2026.M08,0.0,0.21310655327663833,-0.08255597014925373,-0.49937767943576267
Kylie Makeup,Face (01243),Kylie Blush Sticks (00006132),P_US_ULTA,11319.0,308.0,28259.0,0.0,0.0,77.0,1855.0,13223.0,,0.006756756756756757,0.0,-0.8597141344626786,-0.9782016348773842
Kylie Makeup,Face (01243),Kylie Concealer (00006124),P_US_ALL_OTHERS,16205.0,2152.0,84359.0,5621.583333333333,16613.583333333332,414.0,2805.0,3846.0,2029.M07,0.02491124616402912,0.3469042476601872,-0.2706708268330733,-0.948979954717339
Kylie Makeup,Face (01243),Kylie Concealer (00006124),P_US_ULTA,53812.0,34392.0,146243.0,56093.18589743589,245599.18589743588,17888.0,25548.0,19657.0,2029.M07,0.2494839609483961,1.0423917694461438,0.2996896779773109,-0.5296595392599988
Kylie Makeup,Face (01243),Kylie Face Brushes (00007111),P_US_ALL_OTHERS,0.0,0.0,0.0,4173.0,7235.0,0.0,0.0,0.0,2029.M06,,,,
Kylie Makeup,Face (01243),Kylie Foundation (00006130),P_US_ALL_OTHERS,25220.0,4009.0,110780.0,12002.0,31273.0,4001.0,5575.0,6942.0,2029.M07,0.13692207658875466,0.47589214908802535,-0.196917314894843,-0.9276223144972017
Kylie Makeup,Face (01243),Kylie Foundation (00006130),P_US_ULTA,15720.0,4620.0,183257.0,1833.0,22105.0,0.0,6052.0,16365.0,2029.M07,0.0,0.1166030534351145,-0.6301863733577757,-0.9495790065318105
Kylie Makeup,Face (01243),Kylie Glow Drops (00007112),P_US_ALL_OTHERS,0.0,0.0,0.0,91188.0,118626.0,0.0,0.0,0.0,2028.M02,,,,
Kylie Makeup,Face (01243),Kylie Hybrid Blush (00006713),P_US_ALL_OTHERS,14070.0,6094.0,12690.0,23587.21002745608,84197.21002745608,395.0,4479.0,7859.0,2029.M07,0.027307293466989284,1.6764186231312068,-0.4300801628705942,-0.03955870764381403
Kylie Makeup,Face (01243),Kylie Hybrid Blush (00006713),P_US_ULTA,119143.0,77671.0,46296.0,162359.7899725439,403979.7899725439,17153.0,41132.0,44435.0,2029.M07,0.1258510888067148,1.3627304161599414,-0.07433329582536288,2.3554086746155174
Kylie Makeup,Face (01243),Kylie Loose Powder (00006129),P_US_ALL_OTHERS,3196.0,1449.0,4937.0,1760.0,3443.0,176.0,1307.0,1713.0,2029.M07,0.05219454329774614,0.5506883604505632,-0.23701109165207238,-0.4130038484909864
Kylie Makeup,Face (01243),Kylie Loose Powder (00006129),P_US_ULTA,20390.0,8609.0,36824.0,19925.0,37484.0,11228.0,8371.0,11462.0,2029.M07,0.35511417546966917,0.9771947032859245,-0.2696737044145873,-0.532424505757115
Kylie Makeup,Face (01243),Kylie Powder Blush (00006125),P_US_ALL_OTHERS,1987.0,851.0,12509.0,52526.0,99547.0,0.0,769.0,2093.0,2029.M07,0.0,26.434826371414193,-0.63258480649785,-0.8639379646654409
Kylie Makeup,Face (01243),Kylie Powder Blush (00006125),P_US_ULTA,2.0,0.0,1626.0,18000.0,18000.0,0.0,0.0,502.0,2027.M03,0.0,9000.0,-1.0,-1.0
Kylie Makeup,Face (01243),Kylie Powder Bronzer (00006127),P_US_ALL_OTHERS,4287.0,2071.0,5021.0,46134.0,85319.0,2.0,2100.0,3023.0,2029.M07,0.00046630916297505244,10.761371588523444,-0.3053258352629838,-0.17506472814180443
Kylie Makeup,Face (01243),Kylie Powder Bronzer (00006127),P_US_ULTA,2.0,0.0,2241.0,53.5,53.5,0.0,4.0,371.0,2026.M08,0.0,26.75,-0.9892183288409704,-1.0
Kylie Makeup,Face (01243),Kylie Powder Highlighter (00006126),P_US_ALL_OTHERS,0.0,0.0,333.0,0.0,0.0,0.0,7.0,90.0,,,,-0.9222222222222223,-1.0
Kylie Makeup,Face (01243),Kylie Powder Highlighter (00006126),P_US_ULTA,0.0,0.0,0.0,0.0,0.0,0.0,0.0,0.0,,,,,
Kylie Makeup,Face (01243),Kylie Setting Spray (00006128),P_US_ALL_OTHERS,1339.0,420.0,530.0,951.0,2807.0,0.0,354.0,421.0,2029.M07,0.0,0.7102315160567588,-0.15914489311163896,0.5849056603773585
Kylie Makeup,Face (01243),Kylie Setting Spray (00006128),P_US_ULTA,8187.0,3835.0,7776.0,8681.14606741573,25211.146067415728,0.0,3241.0,3818.0,2029.M07,0.0,1.0603574041059887,-0.15112624410686223,-0.013631687242798354
Kylie Makeup,Face (01243),Kylie Skin Tint Foundation (00006730),P_US_ALL_OTHERS,49568.0,31580.0,14845.0,256114.12374549994,511612.12374549994,7338.0,10930.0,11295.0,2029.M07,0.12894949565950867,5.1669247043556314,-0.03231518370960602,3.2546311889525095
Kylie Makeup,Face (01243),Kylie Skin Tint Foundation (00006730),P_US_ULTA,627624.0,393323.0,167219.0,729319.1444160705,729319.1444160705,593496.0,268654.0,219546.0,2027.M06,0.4860259433962264,1.1620319561012176,0.22367977553678955,3.704285996208565
Kylie Makeup,Face (01243),Kylie Supple Primer (00006890),P_US_ALL_OTHERS,1364.0,1364.0,0.0,23937.0,23937.0,0.0,51.0,0.0,2027.M06,0.0,17.549120234604107,,
Kylie Makeup,Face (01243),Kylie Supple Primer (00006890),P_US_ULTA,29335.0,29335.0,0.0,2460.0,2460.0,0.0,1586.0,0.0,2026.M08,0.0,0.0838588716550196,,
Kylie Makeup,Face (01243),Kylie Undereye Brightening Powder (00006791),P_US_ALL_OTHERS,452.0,452.0,0.0,5412.0,5412.0,0.0,79.0,0.0,2027.M06,0.0,11.973451327433628,,
Kylie Makeup,Face (01243),Kylie Undereye Brightening Powder (00006791),P_US_ULTA,2496.0,2496.0,0.0,192.0,192.0,0.0,762.0,0.0,2026.M08,0.0,0.07692307692307693,,
Kylie Makeup,Kylie Makeup Other (01223),Accesories (00006010),P_US_ALL_OTHERS,35021.0,11163.0,80449.0,147806.7810357958,159365.7810357958,23.0,2864.0,4208.0,2029.M07,0.000656317771943842,4.220518575591668,-0.3193916349809886,-0.7224825665949857
Kylie Makeup,Kylie Makeup Other (01223),Accesories (00006010),P_US_ULTA,129847.0,86847.0,134998.0,45967.21896420411,122649.2189642041,11191.0,19364.0,19927.0,2029.M07,0.07934740991789446,0.3540106353185219,-0.028253123902243188,0.28664128357457147
Kylie Makeup,Kylie Makeup Other (01223),Other Multi (00005863),P_US_ALL_OTHERS,550.0,0.0,0.0,0.0,0.0,0.0,59.0,487.0,,0.0,0.0,-0.8788501026694046,
Kylie Makeup,Kylie Makeup Other (01223),Other Multi (00005863),P_US_ULTA,399.0,0.0,0.0,0.0,0.0,0.0,0.0,385.0,,0.0,0.0,-1.0,
Kylie Makeup,Lips (01245),Kylie Blurred Liquid Lipstick (00006574),P_US_ALL_OTHERS,0.0,0.0,0.0,81.0,81.0,0.0,0.0,0.0,2026.M08,,,,
Kylie Makeup,Lips (01245),Kylie Blurred Liquid Lipstick (00006574),P_US_ULTA,5913.0,4698.0,79299.0,7610.0,24983.0,0.0,8145.0,9526.0,2029.M07,0.0,1.286994757314392,-0.14497165651900062,-0.881511746680286
Kylie Makeup,Lips (01245),Kylie Crème Lipstick (00006103),P_US_ALL_OTHERS,139.0,0.0,6923.0,0.0,0.0,0.0,54.0,269.0,,0.0,0.0,-0.7992565055762082,-1.0
Kylie Makeup,Lips (01245),Kylie Crème Lipstick (00006103),P_US_ULTA,116.0,0.0,15852.0,0.0,0.0,87.0,29.0,573.0,,0.42857142857142855,0.0,-0.9493891797556719,-1.0
Kylie Makeup,Lips (01245),Kylie High Gloss (00006100),P_US_ALL_OTHERS,26218.0,9134.0,51957.0,19458.395934206892,46984.39593420689,91.0,9441.0,19109.0,2029.M07,0.0034588923942377135,0.7421769751394802,-0.5059396096080381,-0.6484015628308024
Kylie Makeup,Lips (01245),Kylie High Gloss (00006100),P_US_ULTA,54258.0,24043.0,163388.0,37495.674488328325,106160.67448832832,9.0,34004.0,45881.0,2029.M07,0.0001658466471336171,0.6910625988486182,-0.2588653255160088,-0.7056944206428869
Kylie Makeup,Lips (01245),Kylie Lip Blush (00006098),P_US_ALL_OTHERS,41.0,0.0,3535.0,0.0,0.0,85.0,289.0,1043.0,,0.6746031746031746,0.0,-0.7229146692233941,-1.0
Kylie Makeup,Lips (01245),Kylie Lip Blush (00006098),P_US_ULTA,0.0,0.0,0.0,0.0,0.0,0.0,0.0,0.0,,,,,
Kylie Makeup,Lips (01245),Kylie Lip Crayon (00006215),P_US_ALL_OTHERS,163.0,0.0,1134.0,0.0,0.0,372.0,0.0,268.0,,0.6953271028037383,0.0,-1.0,-1.0
Kylie Makeup,Lips (01245),Kylie Lip Crayon (00006215),P_US_ULTA,9.0,0.0,17602.0,0.0,0.0,9.0,0.0,1317.0,,0.5,0.0,-1.0,-1.0
Kylie Makeup,Lips (01245),Kylie Lip Liner (00006099),P_US_ALL_OTHERS,0.0,0.0,1042.0,0.0,0.0,0.0,0.0,45.0,,,,-1.0,-1.0
Kylie Makeup,Lips (01245),Kylie Lip Liner (00006099),P_US_ULTA,0.0,0.0,1446.0,0.0,0.0,0.0,0.0,0.0,,,,,-1.0
Kylie Makeup,Lips (01245),Kylie Lip Shine Lacquer (00006101),P_US_ALL_OTHERS,0.0,0.0,111.0,0.0,0.0,0.0,4.0,98.0,,,,-0.9591836734693877,-1.0
Kylie Makeup,Lips (01245),Kylie Lip Shine Lacquer (00006101),P_US_ULTA,0.0,0.0,0.0,0.0,0.0,0.0,0.0,0.0,,,,,
Kylie Makeup,Lips (01245),Kylie Matte Lip Kit (00006094),P_US_ALL_OTHERS,112159.0,61083.0,211820.0,83007.24247624927,186655.2424762493,1444.0,21314.0,25023.0,2029.M07,0.012710931929614535,0.7400854365342886,-0.14822363425648402,-0.4232555943725805
Kylie Makeup,Lips (01245),Kylie Matte Lip Kit (00006094),P_US_ULTA,381230.0,175469.0,645833.0,289373.2575237507,839629.2575237507,11492.0,144450.0,174037.0,2029.M07,0.029262429912253453,0.7590516421156538,-0.1700040795922706,-0.45661184857385734
Kylie Makeup,Lips (01245),Kylie Matte Lipstick (00006102),P_US_ALL_OTHERS,122.0,0.0,9085.0,0.0,0.0,252.0,69.0,320.0,,0.6737967914438503,0.0,-0.784375,-1.0
Kylie Makeup,Lips (01245),Kylie Matte Lipstick (00006102),P_US_ULTA,214.0,0.0,18463.0,0.0,0.0,11.0,7.0,701.0,,0.04888888888888889,0.0,-0.9900142653352354,-1.0
Kylie Makeup,Lips (01245),Kylie Matte Lipstick Kit (00006104),P_US_ULTA,0.0,0.0,3000.0,0.0,0.0,0.0,0.0,0.0,,,,,-1.0
Kylie Makeup,Lips (01245),Kylie Matte Liquid Lipstick (00006096),P_US_ALL_OTHERS,7599.0,3106.0,10720.0,5591.3,13305.3,399.0,2638.0,4619.0,2029.M07,0.04988747186796699,0.7357941834451902,-0.4288807101104135,-0.4205223880597015
Kylie Makeup,Lips (01245),Kylie Matte Liquid Lipstick (00006096),P_US_ULTA,15599.0,7888.0,41227.0,12817.23564257028,35335.23564257028,6240.0,5001.0,8056.0,2029.M07,0.28572736846925223,0.8216703405712085,-0.3792204568023833,-0.6173381521818226
Kylie Makeup,Lips (01245),Kylie Plumping Gloss (00006105),P_US_ULTA,33988.0,14034.0,52837.0,27736.0,56782.0,0.0,12883.0,22704.0,2029.M07,0.0,0.8160527244909969,-0.43256694855532063,-0.46878134640498137
Kylie Makeup,Lips (01245),Kylie Plumping Lip Liner (00006746),P_US_ALL_OTHERS,0.0,0.0,0.0,920.0,920.0,0.0,0.0,0.0,2026.M08,,,,
Kylie Makeup,Lips (01245),Kylie Plumping Lip Liner (00006746),P_US_ULTA,77834.0,43815.0,101973.0,83081.0,246402.0,22261.0,30867.0,31773.0,2029.M07,0.22239872121484588,1.0674126988205668,-0.028514776697195734,-0.1406548792327381
Kylie Makeup,Lips (01245),Kylie Plumping Matte Lip Kit (00006788),P_US_ALL_OTHERS,0.0,0.0,0.0,59702.0,98472.0,0.0,0.0,0.0,2028.M08,,,,
Kylie Makeup,Lips (01245),Kylie Plumping Matte Lip Kit (00006788),P_US_ULTA,55632.0,55632.0,0.0,15024.0,15024.0,0.0,160.0,0.0,2026.M08,0.0,0.270060396893874,,
Kylie Makeup,Lips (01245),Kylie Precision Pout Lip Liner (00006731),P_US_ALL_OTHERS,16010.0,10521.0,18028.0,73970.65037593985,115972.65037593985,849.0,5795.0,5981.0,2029.M07,0.050358858769796545,4.620277974762014,-0.031098478515298445,0.16718437985356113
Kylie Makeup,Lips (01245),Kylie Precision Pout Lip Liner (00006731),P_US_ULTA,165880.0,105757.0,136683.0,124103.0242652084,373388.0242652084,25717.0,64311.0,52853.0,2029.M07,0.13422443983987223,0.7481494108102749,0.2167899646188485,0.5474784720850435
Kylie Makeup,Lips (01245),Kylie Supple Kiss Lip Glaze (00006711),P_US_ALL_OTHERS,63416.0,28537.0,16046.0,14998.545597400029,37627.54559740003,481.0,3102.0,5006.0,2029.M07,0.00752773995649248,0.23651043265737398,-0.3803435876947663,2.5568989156175994
Kylie Makeup,Lips (01245),Kylie Supple Kiss Lip Glaze (00006711),P_US_ULTA,127649.0,61480.0,109486.0,46496.642254956096,90538.6422549561,0.0,18204.0,39079.0,2029.M07,0.0,0.3642538700260566,-0.5341743647483304,0.1230659627714959
Kylie Makeup,Lips (01245),Kylie Supple Kiss Precision Lip Kit (00007015),P_US_ALL_OTHERS,27064.0,13043.0,8958.0,34661.59349177551,126437.59349177551,3321.0,9683.0,10677.0,2029.M07,0.10929735066644726,1.2807269247626185,-0.09309731197902033,1.9120339361464613
Kylie Makeup,Lips (01245),Kylie Supple Kiss Precision Lip Kit (00007015),P_US_ULTA,255592.0,139482.0,61392.0,262824.18162144953,777198.1816214495,162008.0,79469.0,99587.0,2029.M07,0.38795019157088123,1.0282958058994394,-0.2020143191380401,3.5439796716184517
Kylie Makeup,Lips (01245),Kylie Tinted butter balm (00006700),P_US_ALL_OTHERS,6521.0,3142.0,16385.0,9693.35913312693,34484.35913312693,0.0,3668.0,4219.0,2029.M07,0.0,1.4864835352134536,-0.13059966816781227,-0.6164784864205065
Kylie Makeup,Lips (01245),Kylie Tinted butter balm (00006700),P_US_ULTA,63602.0,18929.0,105830.0,52378.38847070693,213664.38847070694,1024.0,19261.0,49632.0,2029.M07,0.015845015937857827,0.8235336698642641,-0.6119237588652482,-0.6422753472550317
Kylie Makeup,Lips (01245),Kylie Transformative Lip Tint (00006724),P_US_ALL_OTHERS,150.0,150.0,0.0,0.0,0.0,0.0,0.0,0.0,,0.0,0.0,,
Kylie Makeup,Lips (01245),Kylie Transformative Lip Tint (00006724),P_US_ULTA,896.0,896.0,4224.0,1098.0,2545.0,0.0,1526.0,4863.0,2028.M06,0.0,1.2254464285714286,-0.6862019329631914,-0.5757575757575758
Kylie Makeup,Lips (01245),Kylie Velvet Lip Kit (00006095),P_US_ALL_OTHERS,9396.0,4557.0,10658.0,9597.5,28505.5,1238.0,3210.0,5424.0,2029.M07,0.11641903328944894,1.0214452958705833,-0.4081858407079646,-0.1448677050103209
Kylie Makeup,Lips (01245),Kylie Velvet Lip Kit (00006095),P_US_ULTA,58442.0,24404.0,72084.0,48012.04474411069,167524.0447441107,15220.0,26794.0,36570.0,2029.M07,0.20661942385490484,0.8215332251481928,-0.2673229423024337,-0.3229010598745908
Kylie Makeup,Lips (01245),Lips Multi (00006013),P_US_ALL_OTHERS,2763.0,1533.0,15683.0,107430.4999999999,170805.49999999988,367.0,1324.0,2056.0,2029.M07,0.11725239616613418,38.88183134274336,-0.3560311284046693,-0.8045016897277306
Kylie Makeup,Lips (01245),Lips Multi (00006013),P_US_ULTA,145978.0,144196.0,75486.0,57711.99999999999,111022.99999999978,597.0,54348.0,6025.0,2029.M07,0.004073000170561146,0.3953472441052761,8.020414937759336,2.8204700209310336
