House,Brand,PL,CFG,vol,age,active,cv,trend,rep_yoy,conc,cut_rate,epos,archetype,score,band
Burberry Make up,Burberry Eyes (01203),Burberry Beyond Volume Mascara (00006319),P_US_ALL_OTHERS,698.0,22,0.8333333333333334,1.2522167843468637,0.19931271477663232,0.15370390956391164,0.46328125,0.0,True,LUMPY / EVENT-DRIVEN,45,FAIR
Burberry Make up,Burberry Eyes (01203),Burberry Eyequads (00006359),P_US_ALL_OTHERS,5560.0,22,0.8333333333333334,0.799263149554263,1.5563218390804598,-0.10308562584421005,0.3345830639948287,0.018361581920903956,True,MODERATE,50,FAIR
Burberry Make up,Burberry Face (01205),BEYOND RADIANCE BASE (00006033),P_US_ALL_OTHERS,6779.0,22,0.6666666666666666,2.221567434049083,-0.8455703123220265,0.12929490185437548,0.8502249585602653,0.006594372801875733,True,LUMPY / EVENT-DRIVEN,25,LOW
Burberry Make up,Burberry Face (01205),Burberry Beyond Wear Blush (00006342),P_US_ALL_OTHERS,4277.0,12,0.4583333333333333,1.45200220771257,,,0.4837502922609306,0.026848691695108076,True,NEW / LAUNCH,15,LOW
Burberry Make up,Burberry Face (01205),Burberry Beyond Wear Concealer (00006339),P_US_ALL_OTHERS,9491.0,22,0.75,1.6653704497841746,9.834474885844749,-0.23968475508685072,0.6071187421626314,0.00021068155482987464,True,LUMPY / EVENT-DRIVEN,30,LOW
Burberry Make up,Burberry Face (01205),Burberry Beyond Wear Loose Powder (00006341),P_US_ALL_OTHERS,1483.0,8,0.3333333333333333,2.3760514453562416,,,0.813216453135536,0.011992005329780146,True,NEW / LAUNCH,10,LOW
Burberry Make up,Burberry Face (01205),Burberry Beyond Wear Perfecting Mtt Foun (00006068),P_US_ALL_OTHERS,27392.0,22,0.7916666666666666,2.5695060517510084,0.03148064467540292,-0.014309576627869842,0.8192704085415585,0.005265642589969859,True,LUMPY / EVENT-DRIVEN,30,LOW
Burberry Make up,Burberry Face (01205),Burberry Beyond Wear Powder (00006340),P_US_ALL_OTHERS,1164.0,22,0.75,1.318574934216403,1.91,-0.17022083854887024,0.5147058823529411,0.17329545454545456,True,LUMPY / EVENT-DRIVEN,30,LOW
Burberry Make up,Burberry Face (01205),Burberry Beyond Wear Radiance Primer (00006888),P_US_ALL_OTHERS,46238.0,13,0.5,1.7800765817884197,101.29646017699115,-0.2628996216993694,0.677768258727779,4.325259515570934e-05,True,LUMPY / EVENT-DRIVEN,15,LOW
Burberry Make up,Burberry Lips (01204),Burberry Brit Shine (00006037),P_US_ALL_OTHERS,7277.0,22,0.75,1.383475701581233,4.078157711095604,-0.4036094001999865,0.5164179104477612,0.0,True,LUMPY / EVENT-DRIVEN,30,LOW
Burberry Make up,Burberry Lips (01204),Burberry Kisses Matte (00005927),P_US_ALL_OTHERS,2140.0,22,0.7916666666666666,1.0190237430102262,1.0169651272384543,-0.38722948639711685,0.39675101530771634,0.021937842778793418,True,LUMPY / EVENT-DRIVEN,40,FAIR
Burberry Make up,Burberry Lips (01204),Burberry Kisses Reno (00005785),P_US_ALL_OTHERS,13764.0,22,0.75,2.6868659822816006,6.329073482428115,-0.11929428382460752,0.7275284490474364,0.01248385708136031,True,LUMPY / EVENT-DRIVEN,30,LOW
Gucci,Flora by Gucci (00837),Flora Garden Magnolia (00003441),P_US_ULTA,0.0,36,0.08333333333333333,4.792488559396054,-1.0,,1.0,0.0,False,INTERMITTENT,10,LOW
Gucci,Gucci Bamboo (00838),Gucci Bamboo EDP (00003448),P_US_ALL_OTHERS,20613.0,36,1.0,1.601149542411162,0.44036056180560407,0.8904050350016185,0.5813194364906654,0.02029467680608365,True,LUMPY / EVENT-DRIVEN,70,GOOD
Gucci,Gucci Bamboo (00838),Gucci Bamboo EDP (00003448),P_US_ULTA,4908.0,36,0.9583333333333334,1.329218624057103,0.1671819262782402,-0.1899630634885962,0.5052123340283112,0.0,True,LUMPY / EVENT-DRIVEN,45,FAIR
Gucci,Gucci Bloom (01043),Gucci Bloom Ambrosia Di Fiori (00005235),P_US_ALL_OTHERS,9.0,36,0.4166666666666667,2.479646776256548,-0.9962871287128713,-0.002776669854252923,0.8454582819564324,0.0,True,INTERMITTENT,20,LOW
Gucci,Gucci Bloom (01043),Gucci Bloom Ambrosia dOro (00006855),P_US_ALL_OTHERS,161903.0,8,0.3333333333333333,2.707460807542479,,,0.8892299710320377,0.0053509774288277,True,NEW / LAUNCH,10,LOW
Gucci,Gucci Bloom (01043),Gucci Bloom Ambrosia dOro (00006855),P_US_ULTA,40896.0,8,0.25,3.1630863639538607,,,0.923268779342723,0.0,True,NEW / LAUNCH,10,LOW
Gucci,Gucci Bloom (01043),Gucci Bloom Chapter 5 - Line (00005236),P_US_ALL_OTHERS,0.0,36,0.3333333333333333,3.013912161752701,-1.0,,0.9370443235736604,0.0,True,INTERMITTENT,20,LOW
Gucci,Gucci Bloom (01043),Gucci Bloom Chrysalis (00006776),P_US_ALL_OTHERS,141449.0,17,0.7083333333333334,1.6665091977757684,-0.4995294234198534,-0.3147857338744127,0.6046792947573695,0.0009041016549298261,True,LUMPY / EVENT-DRIVEN,30,LOW
Gucci,Gucci Bloom (01043),Gucci Bloom Chrysalis (00006776),P_US_ULTA,4428.0,18,0.75,3.2429032715659707,-0.8907017500555378,0.23356034276268162,0.9483767606417303,0.0,True,LUMPY / EVENT-DRIVEN,35,LOW
Gucci,Gucci Bloom (01043),Gucci Bloom EDP (00004476),P_US_ALL_OTHERS,259967.0,36,1.0,0.6595288654063367,-0.17447993572828052,0.021088974042607112,0.2878705121068745,0.014978023643528342,True,MODERATE,70,GOOD
Gucci,Gucci Bloom (01043),Gucci Bloom EDP (00004476),P_US_ULTA,38897.0,36,1.0,1.2814479489511224,-0.38647297275982273,0.4580891321295868,0.45417220614686793,0.17817451933234735,True,LUMPY / EVENT-DRIVEN,70,GOOD
Gucci,Gucci Bloom (01043),Gucci Bloom EDP Intense (00006292),P_US_ALL_OTHERS,52229.0,36,1.0,0.8218689828263509,-0.46357520669645147,0.06329390510594624,0.3541051111675602,0.1949162992878503,True,DECLINING,70,GOOD
Gucci,Gucci Bloom (01043),Gucci Bloom EDP Intense (00006292),P_US_ULTA,10323.0,36,0.9583333333333334,1.0093776263072256,0.2041292429721218,0.03705024824238884,0.3968035563082134,0.3731479232450814,True,LUMPY / EVENT-DRIVEN,60,GOOD
Gucci,Gucci Bloom (01043),Gucci Bloom EDT (00005943),P_US_ALL_OTHERS,42217.0,36,1.0,0.7515870446266243,-0.044972288202692,0.44459760161568285,0.3205665224132744,0.49624122953558303,True,MODERATE,80,HIGH
Gucci,Gucci Bloom (01043),Gucci Bloom EDT (00005943),P_US_ULTA,53383.0,36,0.9583333333333334,1.9548999941041916,3.8179602888086643,-0.2327589028786672,0.7075066317112142,0.18365880140076155,True,LUMPY / EVENT-DRIVEN,45,FAIR
Gucci,Gucci Flora (01228),Flora Gorgeous Jasmine  (00005984),P_US_ALL_OTHERS,55812.0,36,1.0,0.6809486339114198,-0.38451019530431524,0.2115711472790737,0.30582083540968386,0.2594440390101506,True,DECLINING,70,GOOD
Gucci,Gucci Flora (01228),Flora Gorgeous Jasmine  (00005984),P_US_ULTA,31263.0,36,1.0,1.3120960130181665,0.09105186012424095,0.40661706222276883,0.45526311397433117,0.2906541419916956,True,LUMPY / EVENT-DRIVEN,60,GOOD
Gucci,Gucci Flora (01228),Gorgeous Gardenia (00005915),P_US_ALL_OTHERS,979060.0,36,1.0,0.6095210745955244,-0.17921658970721877,0.6082276710771063,0.2780925053501641,0.016329536537752445,True,MODERATE,90,HIGH
Gucci,Gucci Flora (01228),Gorgeous Gardenia (00005915),P_US_ULTA,506313.0,36,1.0,0.9330203015899003,0.9410492821407349,0.03748130377441339,0.35780504146473086,0.013054326426385451,True,MODERATE,60,GOOD
Gucci,Gucci Flora (01228),Gucci Flora Gorgeous Gardenia Intense (00007022),P_US_ALL_OTHERS,638007.0,16,0.6666666666666666,1.2622773623072916,1.7013705706265163,0.19240643784596304,0.44539605987741737,0.014607739414485725,True,LUMPY / EVENT-DRIVEN,35,LOW
Gucci,Gucci Flora (01228),Gucci Flora Gorgeous Gardenia Intense (00007022),P_US_ULTA,86962.0,15,0.625,2.0710305379094116,0.10317269025358687,-0.21713188091933672,0.7158892822891472,0.02909521257591997,True,LUMPY / EVENT-DRIVEN,20,LOW
Gucci,Gucci Flora (01228),Gucci Flora Gorgeous Magnolia (00006454),P_US_ALL_OTHERS,68802.0,36,1.0,0.8218263123933917,-0.7455895458091903,0.3421007566075255,0.32834962961216135,0.10825103040671903,True,DECLINING,80,HIGH
Gucci,Gucci Flora (01228),Gucci Flora Gorgeous Magnolia (00006454),P_US_ULTA,47184.0,36,1.0,1.444754302463632,-0.5072064168442161,-0.17903622292749014,0.5251588167800073,0.076163997337197,True,LUMPY / EVENT-DRIVEN,45,FAIR
Gucci,Gucci Flora (01228),Gucci Flora Gorgeous Orchid (00006613),P_US_ALL_OTHERS,320539.0,26,1.0,0.7215246179516639,-0.5313846374264817,0.20708279024014561,0.2871518846212043,0.010159683042593468,True,DECLINING,70,GOOD
Gucci,Gucci Flora (01228),Gucci Flora Gorgeous Orchid (00006613),P_US_ULTA,67080.0,25,1.0,0.863425074421366,-0.5332006513479284,0.48431242578799955,0.3530235029556604,0.12126491740571414,True,DECLINING,80,HIGH
Gucci,Gucci Flora (01228),Gucci Flora Gorgeous Orchid Intense (00007099),P_US_ALL_OTHERS,257929.0,3,0.125,3.468998459193716,,,1.0,1.1630972504380999e-05,True,NEW / LAUNCH,10,LOW
Gucci,Gucci Flora (01228),Gucci Flora Gorgeous Orchid Intense (00007099),P_US_ULTA,57524.0,3,0.125,3.4013772231725263,,,1.0,0.0,True,NEW / LAUNCH,10,LOW
Gucci,Gucci Fragrance Other Lines (00845),Gucci Fragrance Other Lines (00003485),P_US_ULTA,2275.0,1,0.041666666666666664,4.79583152331272,,,1.0,0.0,False,NEW / LAUNCH,0,LOW
Gucci,Gucci Guilty (00840),Gucci Guilty Absolute Pour Femme (00004475),P_US_ALL_OTHERS,173.0,36,0.9583333333333334,2.7267678952971752,-0.8628072957969866,0.6107941356819326,0.7140864714086471,0.20642201834862386,True,LUMPY / EVENT-DRIVEN,70,GOOD
Gucci,Gucci Guilty (00840),Gucci Guilty Absolute Pour Homme (00003472),P_US_ALL_OTHERS,156.0,36,0.9166666666666666,2.3072146522568953,-0.8799076212471132,0.0710159075071613,0.7663230240549829,0.0,True,LUMPY / EVENT-DRIVEN,50,FAIR
Gucci,Gucci Guilty (00840),Gucci Guilty Black (00003464),P_US_ALL_OTHERS,0.0,36,0.125,3.3663479094731756,-1.0,,1.0,0.0,False,INTERMITTENT,10,LOW
Gucci,Gucci Guilty (00840),Gucci Guilty Black Pour Homme (00003465),P_US_ALL_OTHERS,312303.0,36,1.0,0.7822383423386368,-0.4052243766152393,-0.12762535679225853,0.33330507057727676,0.045432454984763136,True,DECLINING,65,GOOD
Gucci,Gucci Guilty (00840),Gucci Guilty Black Pour Homme (00003465),P_US_ULTA,159129.0,36,1.0,1.8282496247223232,0.45669168802636395,-0.2881016024131845,0.578781453893706,0.06540941820445656,True,LUMPY / EVENT-DRIVEN,45,FAIR
Gucci,Gucci Guilty (00840),Gucci Guilty Elixir PF (00006600),P_US_ALL_OTHERS,5482.0,36,1.0,0.8468839474581522,-0.6764254515405501,0.49810935508901716,0.3197021048876204,0.0,True,DECLINING,80,HIGH
Gucci,Gucci Guilty (00840),Gucci Guilty Elixir PF (00006600),P_US_ULTA,326.0,36,0.5416666666666666,2.6695096963417853,-0.9433831191385897,0.30436291196171145,0.9092702169625246,0.0,True,LUMPY / EVENT-DRIVEN,40,FAIR
Gucci,Gucci Guilty (00840),Gucci Guilty Elixir PH (00006599),P_US_ALL_OTHERS,42358.0,36,1.0,1.1178780759450617,-0.7738759996156351,0.19584280553165861,0.45355276907001046,0.002871939736346516,True,LUMPY / EVENT-DRIVEN,60,GOOD
Gucci,Gucci Guilty (00840),Gucci Guilty Elixir PH (00006599),P_US_ULTA,2957.0,36,1.0,1.3983410206550255,-0.5766642806012885,0.6885669395528998,0.5298732649366324,0.0,True,LUMPY / EVENT-DRIVEN,70,GOOD
Gucci,Gucci Guilty (00840),Gucci Guilty Limited Editions (00006601),P_US_ALL_OTHERS,1018.0,20,0.375,2.0076092884288985,-0.9604568054692355,-0.20523073861405006,0.7490471564158134,0.0009813542688910696,False,INTERMITTENT,5,LOW
Gucci,Gucci Guilty (00840),Gucci Guilty Limited Editions (00006601),P_US_ULTA,0.0,20,0.08333333333333333,3.31984827855018,-1.0,,1.0,0.0,False,INTERMITTENT,5,LOW
Gucci,Gucci Guilty (00840),Gucci Guilty Limited Editions F (00007090),P_US_ALL_OTHERS,69044.0,21,0.875,1.3701269944778944,-0.4866197235461636,0.02474915562743359,0.5026555890199623,0.011991643055436306,True,LUMPY / EVENT-DRIVEN,35,LOW
Gucci,Gucci Guilty (00840),Gucci Guilty Limited Editions F (00007090),P_US_ULTA,38887.0,21,0.875,1.7415992321206544,0.26775118993284214,0.16464416238243904,0.6221589683874585,0.009727775089765463,True,LUMPY / EVENT-DRIVEN,35,LOW
Gucci,Gucci Guilty (00840),Gucci Guilty Limited Editions M (00007089),P_US_ALL_OTHERS,73510.0,21,0.875,1.1234244963111397,-0.5340715340588574,0.40717619332549787,0.4074524063801177,0.021406320722063953,True,LUMPY / EVENT-DRIVEN,55,FAIR
Gucci,Gucci Guilty (00840),Gucci Guilty Limited Editions M (00007089),P_US_ULTA,16310.0,21,0.875,2.115457100056478,-0.43620588336962907,0.26915351408994953,0.6714339397422577,0.09383854658592145,True,LUMPY / EVENT-DRIVEN,45,FAIR
Gucci,Gucci Guilty (00840),Gucci Guilty Liqueurs PF (00007144),P_US_ALL_OTHERS,5781.0,13,0.5416666666666666,2.8848267990058853,22.59591836734694,-0.12505050212571708,0.8551277796216395,0.0,True,LUMPY / EVENT-DRIVEN,20,LOW
Gucci,Gucci Guilty (00840),Gucci Guilty Liqueurs PH (00007143),P_US_ALL_OTHERS,22010.0,13,0.5416666666666666,1.9001040314073072,155.09929078014184,-0.1922832147745426,0.6971694280167938,0.0,True,LUMPY / EVENT-DRIVEN,20,LOW
Gucci,Gucci Guilty (00840),Gucci Guilty Liqueurs PH PF (00006775),P_US_ALL_OTHERS,82383.0,13,0.5,2.4554455349784043,-0.004061944656004062,-0.2988723595274464,0.7496335598599654,0.006224441790612673,False,LUMPY / EVENT-DRIVEN,5,LOW
Gucci,Gucci Guilty (00840),Gucci Guilty Liqueurs PH PF (00006775),P_US_ULTA,20232.0,12,0.125,3.6207272685517613,,,1.0,0.0,False,NEW / LAUNCH,5,LOW
Gucci,Gucci Guilty (00840),Gucci Guilty New Core PH (00007122),P_US_ALL_OTHERS,4479.0,1,0.041666666666666664,4.79583152331272,,,1.0,0.0,False,NEW / LAUNCH,0,LOW
Gucci,Gucci Guilty (00840),Gucci Guilty New27 pour Homme (00007262),P_US_ALL_OTHERS,63614.0,1,0.041666666666666664,4.795831523312719,,,1.0,0.0,False,NEW / LAUNCH,0,LOW
Gucci,Gucci Guilty (00840),Gucci Guilty PF 21 (00005854),P_US_ALL_OTHERS,124489.0,36,1.0,0.5511916110739069,0.005849795984325132,0.7516424406912495,0.2554198522481007,0.044992865581416755,True,STABLE & REPEATABLE,100,HIGH
Gucci,Gucci Guilty (00840),Gucci Guilty PF 21 (00005854),P_US_ULTA,66196.0,36,1.0,1.675582037069042,0.5522570055106109,0.815366618281303,0.5441883113900092,0.12797881729920565,True,LUMPY / EVENT-DRIVEN,70,GOOD
Gucci,Gucci Guilty (00840),Gucci Guilty PF NEW 22 (00006018),P_US_ALL_OTHERS,4553.0,36,1.0,1.0706974156692002,-0.6900612661674609,0.5921262080341114,0.39312996933950006,0.4519740009629273,True,LUMPY / EVENT-DRIVEN,80,HIGH
Gucci,Gucci Guilty (00840),Gucci Guilty PF NEW 22 (00006018),P_US_ULTA,4187.0,36,0.9583333333333334,1.5048362115782028,1.340413638904416,-0.11627634312735312,0.5301204819277109,0.7953367875647669,True,LUMPY / EVENT-DRIVEN,45,FAIR
Gucci,Gucci Guilty (00840),Gucci Guilty PH Eau de Parfum (00005405),P_US_ALL_OTHERS,464068.0,36,1.0,1.1853407980590038,0.24203235234292197,0.23393449546646683,0.46768070822151975,0.024653319265738823,True,LUMPY / EVENT-DRIVEN,60,GOOD
Gucci,Gucci Guilty (00840),Gucci Guilty PH Eau de Parfum (00005405),P_US_ULTA,97628.0,36,1.0,2.0188006751075456,-0.38369274279076815,-0.11987186383870276,0.6685505163336406,0.08717929538484553,True,LUMPY / EVENT-DRIVEN,45,FAIR
Gucci,Gucci Guilty (00840),Gucci Guilty PH NEW 22 (00006019),P_US_ALL_OTHERS,20480.0,36,1.0,1.0404102492857867,-0.5933926302414231,0.06842124745775133,0.3780911246612466,0.06641746820440352,True,LUMPY / EVENT-DRIVEN,60,GOOD
Gucci,Gucci Guilty (00840),Gucci Guilty PH NEW 22 (00006019),P_US_ULTA,8084.0,36,1.0,0.8244174656284806,-0.3314588157459477,0.5325380487536789,0.31537470261697065,0.2959414736108692,True,MODERATE,90,HIGH
Gucci,Gucci Guilty (00840),Gucci Guilty Pour Femme EDP (00005015),P_US_ALL_OTHERS,69060.0,36,1.0,0.8118132020526496,-0.591135950552671,0.3677389848926943,0.35839423113288815,0.14264432029795157,True,DECLINING,80,HIGH
Gucci,Gucci Guilty (00840),Gucci Guilty Pour Femme EDP (00005015),P_US_ULTA,23754.0,36,1.0,2.1750572022443437,-0.5306832101790019,-0.04333963135274596,0.6580249569707401,0.3752399989479498,True,LUMPY / EVENT-DRIVEN,45,FAIR
Gucci,Gucci Guilty (00840),Gucci Guilty Pour Homme (00003463),P_US_ALL_OTHERS,615401.0,36,1.0,0.5255169711942095,-0.10451568404617397,0.34504035920071635,0.24159621933506725,0.017535541240610807,True,STABLE & REPEATABLE,90,HIGH
Gucci,Gucci Guilty (00840),Gucci Guilty Pour Homme (00003463),P_US_ULTA,52949.0,36,1.0,1.105631936491705,0.004038986650485437,0.6329472148457298,0.468524388513034,0.027584433711042956,True,LUMPY / EVENT-DRIVEN,80,HIGH
Gucci,Gucci Guilty (00840),Gucci Guilty Supreme Male (00006459),P_US_ALL_OTHERS,0.0,34,0.041666666666666664,4.795831523312719,-1.0,,1.0,0.0,False,INTERMITTENT,10,LOW
Gucci,Gucci Heritage Lines (00843),Gucci Rush (00003480),P_US_ALL_OTHERS,6138.0,33,0.3333333333333333,2.3564280755975786,4.774223894637817,-0.15128213354449202,0.7940563810581863,0.0,True,INTERMITTENT,20,LOW
Gucci,Gucci Luxury Collection (01096),Gucci Luxury Collection (00004823),P_US_ALL_OTHERS,134496.0,36,1.0,1.0188097183378235,-0.6463683978040008,-0.031036238511895353,0.395088418566345,0.003164768052889426,True,LUMPY / EVENT-DRIVEN,55,FAIR
Gucci,Gucci Luxury Collection (01096),Gucci Luxury Collection ROSES AND MUSKS (00006656),P_US_ALL_OTHERS,57427.0,13,0.5416666666666666,1.9011520438380713,3588.1875,0.2261773797311446,0.6679490973660847,0.0,True,LUMPY / EVENT-DRIVEN,25,LOW
Gucci,Gucci Luxury Collection (01096),Gucci Luxury Collection SMALL SIZES (00006654),P_US_ALL_OTHERS,6030.0,18,0.75,1.3645707517321946,2.001493280238925,-0.20884868005856932,0.5126259485010574,0.1955709711846318,True,LUMPY / EVENT-DRIVEN,30,LOW
Gucci,Gucci by Gucci (00839),Gucci Oud Intense (00003457),P_US_ALL_OTHERS,11039.0,34,0.875,0.7594971638093035,0.20394808594176028,0.2580534511848422,0.29453681710213775,0.1201179658855412,True,MODERATE,70,GOOD
Gucci Make up,Gucci Eyes (01199),Gucci Brow Pen (00005650),P_US_ALL_OTHERS,3251.0,36,1.0,1.0549612189500983,-0.631572982774252,-0.22231158797484873,0.4351966873706004,0.3580173775671406,True,LUMPY / EVENT-DRIVEN,55,FAIR
Gucci Make up,Gucci Eyes (01199),Gucci D(EYE)Y Palette (00005655),P_US_ALL_OTHERS,532.0,36,0.875,1.3872275352612635,-0.6041666666666666,0.32425562008879877,0.4728144989339019,0.4211099020674646,True,LUMPY / EVENT-DRIVEN,50,FAIR
Gucci Make up,Gucci Eyes (01199),Gucci Eye Khôl (00005653),P_US_ALL_OTHERS,4390.0,36,1.0,0.7211911247733581,-0.6409291673482742,0.1927095275779396,0.2902623976889745,0.028116006198804517,True,DECLINING,70,GOOD
Gucci Make up,Gucci Eyes (01199),Gucci Eye Shadow Palette (00005856),P_US_ALL_OTHERS,2895.0,36,0.3333333333333333,3.576431804910538,18.3,-0.3079988056786926,0.9645320197044335,0.0,True,INTERMITTENT,20,LOW
Gucci Make up,Gucci Eyes (01199),Gucci Eyelashes (00006501),P_US_ALL_OTHERS,0.0,22,0.125,4.027488291482949,-1.0,,1.0,0.0,False,INTERMITTENT,5,LOW
Gucci Make up,Gucci Eyes (01199),Gucci Eyeliner (00005652),P_US_ALL_OTHERS,984.0,36,1.0,0.7601850625502704,-0.7686339054784858,-0.05968585264399205,0.30265419133091465,0.0,True,DECLINING,65,GOOD
Gucci Make up,Gucci Eyes (01199),Gucci Mascara Ultra Volume (00006080),P_US_ALL_OTHERS,20931.0,22,0.9166666666666666,1.7293379337440116,-0.40521724304509676,-0.10559632578820889,0.6222515234667332,0.018936020623388797,True,LUMPY / EVENT-DRIVEN,40,FAIR
Gucci Make up,Gucci Eyes (01199),Gucci Multidimensional Mascara (00005647),P_US_ALL_OTHERS,59662.0,36,1.0,0.8250397603612907,-0.47820535245758267,0.7453100128110193,0.33094447190262183,0.0529390288426433,True,DECLINING,90,HIGH
Gucci Make up,Gucci Eyes (01199),Gucci Waterproof Mascara (00005649),P_US_ALL_OTHERS,500.0,20,0.25,4.719486563492851,-0.9844797616091383,-0.19954078643405984,0.9944981049027999,0.0,False,INTERMITTENT,5,LOW
Gucci Make up,Gucci Face (01201),Gucci Beauty Powder No Talc (00007041),P_US_ALL_OTHERS,26655.0,13,0.5416666666666666,1.2603413277414892,2.9262041537781704,-0.25584747548251563,0.46648128214328427,0.10837932764676367,True,LUMPY / EVENT-DRIVEN,30,LOW
Gucci Make up,Gucci Face (01201),Gucci Blush Powder (00006171),P_US_ALL_OTHERS,37892.0,36,1.0,0.5904289280246449,-0.402645310800372,0.1749923218621854,0.27121638292622746,0.27505787369186324,True,DECLINING,80,HIGH
Gucci Make up,Gucci Face (01201),Gucci Compact Finishing Powder (00005674),P_US_ALL_OTHERS,27.0,36,0.625,1.2513303565761462,-0.9986127524019935,0.2071388890313,0.4313494099538225,0.0,True,LUMPY / EVENT-DRIVEN,40,FAIR
Gucci Make up,Gucci Face (01201),Gucci Cream (00006636),P_US_ALL_OTHERS,126514.0,14,0.5833333333333334,1.9832653490666126,0.3612291668908232,-0.24391366120112437,0.6857897974527808,0.0002370716904792009,True,LUMPY / EVENT-DRIVEN,20,LOW
Gucci Make up,Gucci Face (01201),Gucci Face Bronzing Powder (00005685),P_US_ALL_OTHERS,58832.0,36,1.0,0.46607032166314327,0.366660472031221,0.37317963508806423,0.2393011385944248,0.6257339703421908,True,STABLE & REPEATABLE,90,HIGH
Gucci Make up,Gucci Face (01201),Gucci Face Compact Primer (00005682),P_US_ALL_OTHERS,167.0,36,0.5,1.5259622571939135,-0.9599808291397076,-0.3097938641471975,0.5578341013824885,0.0,True,LUMPY / EVENT-DRIVEN,20,LOW
Gucci Make up,Gucci Face (01201),Gucci Face Concealer (00005677),P_US_ALL_OTHERS,18634.0,36,1.0,2.1292653642180026,-0.8047446402749544,0.17533992652789088,0.5917172213065891,0.470625,True,LUMPY / EVENT-DRIVEN,50,FAIR
Gucci Make up,Gucci Face (01201),Gucci Face Liquid Primer (00005678),P_US_ALL_OTHERS,18832.0,36,1.0,1.2685627925280538,-0.2894925485757404,0.04529331852152937,0.47466749012947484,0.03296703296703297,True,LUMPY / EVENT-DRIVEN,60,GOOD
Gucci Make up,Gucci Face (01201),Gucci Face Multiline (00005680),P_US_ALL_OTHERS,1032.0,12,0.25,2.778266888012666,,,0.9496124031007752,0.0,False,NEW / LAUNCH,5,LOW
Gucci Make up,Gucci Face (01201),Gucci Glow Blush (00007042),P_US_ALL_OTHERS,25675.0,10,0.4166666666666667,2.420276640972683,,,0.816319376825706,0.18138630276750414,True,NEW / LAUNCH,10,LOW
Gucci Make up,Gucci Face (01201),Gucci Highlighting Powder (00006538),P_US_ALL_OTHERS,29068.0,25,1.0,0.7424693943009264,-0.29212935904928894,0.6671705409951569,0.3347544630126048,0.05840432768617797,True,MODERATE,90,HIGH
Gucci Make up,Gucci Face (01201),Gucci Matt Foundation (00006173),P_US_ALL_OTHERS,24297.0,36,1.0,1.8422054949132125,-0.8713266640893517,0.5578538362027337,0.6357988776486928,0.6698777173913043,True,LUMPY / EVENT-DRIVEN,70,GOOD
Gucci Make up,Gucci Face (01201),Gucci Multi Usage Gloss (00005676),P_US_ALL_OTHERS,2444.0,36,0.9166666666666666,0.665183649937323,-0.25076640098099323,-0.23747477462547736,0.2698913424465475,0.48088360237892946,True,MODERATE,65,GOOD
Gucci Make up,Gucci Face (01201),Gucci Setting Spray (00005881),P_US_ALL_OTHERS,5676.0,36,1.0,0.5171353746965051,0.012667261373773416,-0.25576584231629473,0.238808616257424,0.11671335200746966,True,MODERATE,75,GOOD
Gucci Make up,Gucci Lips (01200),Gucci Lip Balm (00005662),P_US_ALL_OTHERS,2536.0,36,1.0,0.7601724182084398,-0.5494759282288151,0.2621995777990041,0.33472137170851196,0.05724907063197026,True,DECLINING,80,HIGH
Gucci Make up,Gucci Lips (01200),Gucci Lip Balm Pot (00005668),P_US_ALL_OTHERS,6761.0,36,1.0,0.4706394987304337,-0.21502380123069778,0.3984218054824263,0.2216079094575257,0.27277616435409274,True,STABLE & REPEATABLE,90,HIGH
Gucci Make up,Gucci Lips (01200),Gucci Lip Gloss (00005667),P_US_ALL_OTHERS,89583.0,33,1.0,2.380575256801806,4.4713858181151895,-0.15581812118664556,0.7520668956925516,0.0035704751735184197,True,LUMPY / EVENT-DRIVEN,45,FAIR
Gucci Make up,Gucci Lips (01200),Gucci Lip Liner (00005855),P_US_ALL_OTHERS,2410.0,36,1.0,0.8216442797086522,-0.6051769331585846,0.5531801857453693,0.3733850129198966,0.17550461854259322,True,DECLINING,90,HIGH
Gucci Make up,Gucci Lips (01200),Gucci Liquid Tint Lipstick (00007209),P_US_ALL_OTHERS,37261.0,6,0.25,2.212408373186296,,,0.8291779608706153,0.330103196576894,True,NEW / LAUNCH,10,LOW
Gucci Make up,Gucci Lips (01200),Gucci Matte Lipstick (00005663),P_US_ALL_OTHERS,137192.0,36,1.0,1.3372002373188467,-0.3403247599401834,-0.0500594610344797,0.4571200106616912,0.12054155234749608,True,LUMPY / EVENT-DRIVEN,45,FAIR
Gucci Make up,Gucci Lips (01200),Gucci Matte lip liquid (00005670),P_US_ALL_OTHERS,13914.0,36,1.0,0.5854812988663199,-0.2807071960297767,-0.310269866642812,0.26883757291478744,0.3516309412861137,True,MODERATE,75,GOOD
Gucci Make up,Gucci Lips (01200),Gucci Satin Lipstick (00005660),P_US_ALL_OTHERS,16833.0,36,1.0,0.38860449053913054,-0.27359426919259483,0.09168443611888408,0.21539269109633555,0.6572388515577275,True,MODERATE,80,HIGH
Gucci Make up,Gucci Lips (01200),Gucci Sheer Lipstick (00005661),P_US_ALL_OTHERS,8335.0,36,1.0,2.523092238323146,-0.9032478989645726,-0.48762796481508935,0.690145317147,0.04151333946642134,True,LUMPY / EVENT-DRIVEN,45,FAIR
Gucci Make up,Gucci Lips (01200),Gucci Shine lipstick (00005671),P_US_ALL_OTHERS,52162.0,36,1.0,0.5373822002295912,0.0010170987737243087,-0.036227097294852996,0.2683008698487595,0.3000738007380074,True,MODERATE,75,GOOD
Gucci Make up,Gucci Others (01202),Gucci Color Multiline (00005687),P_US_ALL_OTHERS,14214.0,36,0.8333333333333334,1.8898152017831156,-0.7871422795273821,0.25176963330754953,0.5761257423664358,0.023495465787304205,True,LUMPY / EVENT-DRIVEN,50,FAIR
Gucci Make up,Gucci Others (01202),Gucci Nail Polish (00005688),P_US_ALL_OTHERS,5941.0,36,1.0,0.5030731607924429,-0.3740385628490149,0.4053764747864309,0.2440383618455158,0.5376293875009729,True,DECLINING,90,HIGH
Kylie Jenner Fragrances,Cosmic Kylie Jenner (01246),Cosmic Kylie Jenner (00006014),P_US_ALL_OTHERS,113359.0,20,0.8333333333333334,1.390624943076338,-0.45470069846645245,-0.35643324562955786,0.5205156221302877,0.0003174743154460073,True,LUMPY / EVENT-DRIVEN,30,LOW
Kylie Jenner Fragrances,Cosmic Kylie Jenner (01246),Cosmic Kylie Jenner (00006014),P_US_ULTA,348819.0,31,1.0,0.8987390574598831,-0.32360486559124146,0.6003640883118216,0.38135408931178155,0.024050473539163158,True,MODERATE,90,HIGH
Kylie Jenner Fragrances,Cosmic Kylie Jenner (01246),Cosmic Kylie Jenner FLANKER (00006785),P_US_ALL_OTHERS,61504.0,13,0.5416666666666666,3.131923964959571,74.93086419753087,-0.12974642777847273,0.8608659370285972,0.0,True,LUMPY / EVENT-DRIVEN,20,LOW
Kylie Jenner Fragrances,Cosmic Kylie Jenner (01246),Cosmic Kylie Jenner FLANKER (00006785),P_US_ULTA,56043.0,19,0.6666666666666666,2.164005094714698,-0.8972864096887234,-0.17551319858308245,0.8169302953294763,0.0,True,LUMPY / EVENT-DRIVEN,20,LOW
Kylie Jenner Fragrances,Cosmic Kylie Jenner (01246),Cosmic Kylie Jenner INTENSE (00007045),P_US_ALL_OTHERS,15442.0,6,0.25,2.89804302529946,,,0.9560937702370159,0.0,True,NEW / LAUNCH,10,LOW
Kylie Jenner Fragrances,Cosmic Kylie Jenner (01246),Cosmic Kylie Jenner INTENSE (00007045),P_US_ULTA,299097.0,8,0.3333333333333333,1.9220819288213458,,,0.6813207755343584,0.002291649987991354,True,NEW / LAUNCH,10,LOW
Kylie Jenner Fragrances,Kylie Jenner Mist Collection (01409),Kylie Jenner Mist Collection (00007114),P_US_ALL_OTHERS,51340.0,11,0.4583333333333333,2.222539450971211,,,0.6376314764316322,0.0,True,NEW / LAUNCH,10,LOW
Kylie Jenner Fragrances,Kylie Jenner Mist Collection (01409),Kylie Jenner Mist Collection (00007114),P_US_ULTA,64708.0,5,0.16666666666666666,3.8594357703880084,,,0.9906812140693577,0.0,True,NEW / LAUNCH,10,LOW
Kylie Jenner Fragrances,Kylie Jenner Mood Stones (01396),Kylie Jenner Mood Stones (00007046),P_US_ALL_OTHERS,1266.0,1,0.041666666666666664,4.795831523312719,,,1.0,0.0,False,NEW / LAUNCH,0,LOW
Kylie Jenner Fragrances,Kylie Jenner Mood Stones (01396),Kylie Jenner Mood Stones (00007046),P_US_ULTA,414978.0,3,0.125,3.3622446558383077,,,1.0,0.0,True,NEW / LAUNCH,10,LOW
Kylie Makeup,Collection (01319),Kylie Gift Set (00006458),P_US_ALL_OTHERS,0.0,36,0.2916666666666667,1.8654538197311494,-1.0,,0.6579502398417231,0.0,True,INTERMITTENT,20,LOW
Kylie Makeup,Collection (01319),Kylie Gift Set (00006458),P_US_ULTA,0.0,36,0.08333333333333333,4.23129036490568,-1.0,,1.0,0.0,True,INTERMITTENT,20,LOW
Kylie Makeup,Collection (01319),Kylie Holiday (00006439),P_US_ALL_OTHERS,25122.0,20,0.25,2.3515241160129743,2.105699097539869,-0.21673397288791618,0.8263828249676312,0.0,True,INTERMITTENT,15,LOW
Kylie Makeup,Collection (01319),Kylie Holiday (00006439),P_US_ULTA,18624.0,23,0.16666666666666666,3.0328029298076395,-0.8244856800897173,0.932025758884494,0.9871728063494608,0.0,True,INTERMITTENT,40,FAIR
Kylie Makeup,Collection (01319),Kylie Spring (00006443),P_US_ULTA,7.0,16,0.125,3.593653156345918,-0.9997926171712982,-0.12350326957439382,1.0,0.3,True,INTERMITTENT,15,LOW
Kylie Makeup,Collection (01319),Kylie Summer (00006440),P_US_ULTA,50974.0,31,1.0,1.5897489446212927,0.19028604786923525,-0.1838359217837383,0.5626925660188274,0.20499703671355937,True,LUMPY / EVENT-DRIVEN,45,FAIR
Kylie Makeup,Eyes (01244),Kylie Brow Gel (00006107),P_US_ALL_OTHERS,830.0,36,0.9166666666666666,1.1930441372761547,0.1840228245363766,-0.380866352594435,0.45068582625734815,0.013079667063020214,True,LUMPY / EVENT-DRIVEN,55,FAIR
Kylie Makeup,Eyes (01244),Kylie Brow Gel (00006107),P_US_ULTA,4593.0,36,0.9583333333333334,0.46000931689003743,0.16425855513307985,-0.2982216261980901,0.21995783555867884,0.014166130070830651,True,MODERATE,75,GOOD
Kylie Makeup,Eyes (01244),Kylie E/S Palette (00006116),P_US_ALL_OTHERS,4916.0,36,1.0,0.957707105295085,-0.6175212012759667,0.23735500037933077,0.37784906297484383,0.34990743189632373,True,DECLINING,60,GOOD
Kylie Makeup,Eyes (01244),Kylie E/S Palette (00006116),P_US_ULTA,1562.0,36,0.8333333333333334,2.547210516389585,-0.9023688980561285,0.4308923477545614,0.6822504413188315,0.21704260651629073,True,LUMPY / EVENT-DRIVEN,50,FAIR
Kylie Makeup,Eyes (01244),Kylie Gel Pencil (00006114),P_US_ALL_OTHERS,6980.0,36,1.0,0.5746330018012556,-0.05098572399728076,-0.25082216488192355,0.2815486571328915,0.0024296126911533514,True,MODERATE,75,GOOD
Kylie Makeup,Eyes (01244),Kylie Gel Pencil (00006114),P_US_ULTA,18137.0,36,1.0,0.44312558984616235,-0.1295354194663083,0.5312184348573948,0.22482231288327817,0.00011025966150283919,True,STABLE & REPEATABLE,100,HIGH
Kylie Makeup,Eyes (01244),Kylie Liquid Pen (00006113),P_US_ALL_OTHERS,1823.0,36,1.0,2.103208246225726,1.6305916305916306,-0.07593323547289729,0.5461049284578696,0.005455537370430988,True,LUMPY / EVENT-DRIVEN,45,FAIR
Kylie Makeup,Eyes (01244),Kylie Mascara Cream (00006117),P_US_ALL_OTHERS,5338.0,36,1.0,0.9169519822945148,-0.5300228913541116,-0.23097813662517636,0.3891351221849545,0.002056459151243223,True,DECLINING,55,FAIR
Kylie Makeup,Eyes (01244),Kylie Mascara Cream (00006117),P_US_ULTA,51579.0,36,1.0,0.6665994994775817,0.5075407727830713,-0.12108338968058148,0.2989171610737473,0.026958194989435556,True,MODERATE,65,GOOD
Kylie Makeup,Eyes (01244),Kylie Mascara Mini (00006119),P_US_ALL_OTHERS,32655.0,29,0.9166666666666666,1.5686441136280587,0.48634501593081475,-0.05530338182146096,0.5621235697940503,0.0002143163309044149,True,LUMPY / EVENT-DRIVEN,45,FAIR
Kylie Makeup,Eyes (01244),Kylie Mascara Mini (00006119),P_US_ULTA,72277.0,29,0.7083333333333334,1.0956594680054081,-0.3071805833804626,0.3177017073822225,0.402836919592299,0.0,True,LUMPY / EVENT-DRIVEN,60,GOOD
Kylie Makeup,Eyes (01244),Kylie matte liquid eyeshadow (00006703),P_US_ULTA,0.0,14,0.08333333333333333,3.9140771581561853,-1.0,,1.0,0.0,False,INTERMITTENT,5,LOW
Kylie Makeup,Face (01243),Face Multi (00006011),P_US_ALL_OTHERS,3558.0,36,0.875,2.542438038442237,6.906666666666666,0.4853785371277317,0.81187624750499,0.0344640434192673,True,LUMPY / EVENT-DRIVEN,50,FAIR
Kylie Makeup,Face (01243),Face Multi (00006011),P_US_ULTA,20320.0,36,0.7083333333333334,3.5310211710903485,19.138751238850347,-0.12368938353321328,0.8983074687045807,0.0,True,LUMPY / EVENT-DRIVEN,35,LOW
Kylie Makeup,Face (01243),Kylie Beam Me Up Highlighter Stick (00006712),P_US_ULTA,0.0,16,0.041666666666666664,4.795831523312719,-1.0,,1.0,0.0,True,INTERMITTENT,15,LOW
Kylie Makeup,Face (01243),Kylie Blush Sticks (00006132),P_US_ALL_OTHERS,3998.0,26,1.0,0.718722679756237,-0.4471027520398285,-0.2018480806824862,0.30198592929023066,0.0,True,DECLINING,65,GOOD
Kylie Makeup,Face (01243),Kylie Blush Sticks (00006132),P_US_ULTA,11319.0,28,0.7916666666666666,0.8263972219176217,-0.5994550408719346,0.5777166033205201,0.3132295719844358,0.006756756756756757,True,DECLINING,80,HIGH
Kylie Makeup,Face (01243),Kylie Concealer (00006124),P_US_ALL_OTHERS,16205.0,32,1.0,1.549142942158598,-0.8079043137068955,0.7519774824003859,0.5372399665884412,0.02491124616402912,True,LUMPY / EVENT-DRIVEN,70,GOOD
Kylie Makeup,Face (01243),Kylie Concealer (00006124),P_US_ULTA,53812.0,36,1.0,1.5932846615685685,-0.632037088954685,-0.09464204962329316,0.508325210567094,0.2494839609483961,True,LUMPY / EVENT-DRIVEN,45,FAIR
Kylie Makeup,Face (01243),Kylie Foundation (00006130),P_US_ALL_OTHERS,25220.0,32,1.0,1.7019874254432028,-0.7723415779021484,0.4803995376436545,0.5662058823529412,0.13692207658875466,True,LUMPY / EVENT-DRIVEN,60,GOOD
Kylie Makeup,Face (01243),Kylie Foundation (00006130),P_US_ULTA,15720.0,21,0.7916666666666666,3.6043005732597875,-0.9142188292943789,-0.1536920494702189,0.8418410168009368,0.0,True,LUMPY / EVENT-DRIVEN,30,LOW
Kylie Makeup,Face (01243),Kylie Hybrid Blush (00006713),P_US_ALL_OTHERS,14070.0,14,0.5833333333333334,1.8471739095722093,0.10874704491725769,-0.09654620649860939,0.5736920777279522,0.027307293466989284,True,LUMPY / EVENT-DRIVEN,20,LOW
Kylie Makeup,Face (01243),Kylie Hybrid Blush (00006713),P_US_ULTA,119143.0,15,0.625,1.4222350119280558,1.5735052704337307,-0.1978634963539827,0.5043671685636397,0.1258510888067148,True,LUMPY / EVENT-DRIVEN,20,LOW
Kylie Makeup,Face (01243),Kylie Loose Powder (00006129),P_US_ALL_OTHERS,3196.0,36,1.0,0.6411730942039516,-0.35264330565120516,-0.25883107895910895,0.27259313906307636,0.05219454329774614,True,DECLINING,65,GOOD
Kylie Makeup,Face (01243),Kylie Loose Powder (00006129),P_US_ULTA,20390.0,36,1.0,0.6882481601725746,-0.44628503150119486,0.3713698482044784,0.30020624322718215,0.35511417546966917,True,DECLINING,80,HIGH
Kylie Makeup,Face (01243),Kylie Powder Blush (00006125),P_US_ALL_OTHERS,1987.0,36,1.0,0.9461415957452936,-0.8411543688544248,0.38064311858940697,0.35637417218543044,0.0,True,DECLINING,70,GOOD
Kylie Makeup,Face (01243),Kylie Powder Blush (00006125),P_US_ULTA,2.0,36,0.3333333333333333,2.32963354135805,-0.998769987699877,0.6964564749853958,0.8071253071253072,0.0,True,INTERMITTENT,45,FAIR
Kylie Makeup,Face (01243),Kylie Powder Bronzer (00006127),P_US_ALL_OTHERS,4287.0,36,1.0,0.5559509243142777,-0.14618601872137024,-0.07032716303665046,0.2814782982380748,0.00046630916297505244,True,MODERATE,75,GOOD
Kylie Makeup,Face (01243),Kylie Powder Bronzer (00006127),P_US_ULTA,2.0,36,0.4166666666666667,2.4793649596629015,-0.9991075412762159,0.3142041737604442,0.8849754792688364,0.0,True,INTERMITTENT,35,LOW
Kylie Makeup,Face (01243),Kylie Setting Spray (00006128),P_US_ALL_OTHERS,1339.0,32,1.0,1.477968688348372,1.5264150943396226,-0.03892888486798263,0.48475120385232745,0.0,True,LUMPY / EVENT-DRIVEN,45,FAIR
Kylie Makeup,Face (01243),Kylie Setting Spray (00006128),P_US_ULTA,8187.0,31,1.0,0.4043018667572293,0.05285493827160494,0.07101342091168615,0.21718975129988097,0.0,True,MODERATE,80,HIGH
Kylie Makeup,Face (01243),Kylie Skin Tint Foundation (00006730),P_US_ALL_OTHERS,49568.0,26,0.9583333333333334,1.0640680904321826,2.339036712697878,-0.10627547778939034,0.4135345349541242,0.12894949565950867,True,LUMPY / EVENT-DRIVEN,55,FAIR
Kylie Makeup,Face (01243),Kylie Skin Tint Foundation (00006730),P_US_ULTA,627624.0,26,1.0,0.840233152079874,2.75330554542247,0.1412583718944288,0.3303897750876588,0.4860259433962264,True,MODERATE,70,GOOD
Kylie Makeup,Face (01243),Kylie Supple Primer (00006890),P_US_ALL_OTHERS,1364.0,4,0.125,3.396185644855547,,,1.0,0.0,True,NEW / LAUNCH,10,LOW
Kylie Makeup,Face (01243),Kylie Supple Primer (00006890),P_US_ULTA,29335.0,4,0.125,3.30795353150373,,,1.0,0.0,True,NEW / LAUNCH,10,LOW
Kylie Makeup,Face (01243),Kylie Undereye Brightening Powder (00006791),P_US_ULTA,2496.0,4,0.16666666666666666,3.106587770201334,,,0.9230769230769231,0.0,True,NEW / LAUNCH,10,LOW
Kylie Makeup,Kylie Makeup Other (01223),Accesories (00006010),P_US_ALL_OTHERS,35021.0,35,1.0,0.9650020972366262,-0.5646807294062076,-0.0852636605086585,0.39277734476487397,0.000656317771943842,True,DECLINING,55,FAIR
Kylie Makeup,Kylie Makeup Other (01223),Accesories (00006010),P_US_ULTA,129847.0,35,1.0,0.8821547463040837,-0.038156120831419726,0.06540585738969784,0.36134342728765884,0.07934740991789446,True,MODERATE,70,GOOD
Kylie Makeup,Lips (01245),Kylie Blurred Liquid Lipstick (00006574),P_US_ULTA,5913.0,23,0.5833333333333334,3.981651304327659,-0.9254341164453525,-0.1780705269104522,0.938212927756654,0.0,True,LUMPY / EVENT-DRIVEN,20,LOW
Kylie Makeup,Lips (01245),Kylie Crème Lipstick (00006103),P_US_ALL_OTHERS,139.0,35,0.5416666666666666,1.45977115809375,-0.9799219991333237,0.787287003799429,0.5260549419427925,0.0,True,LUMPY / EVENT-DRIVEN,50,FAIR
Kylie Makeup,Lips (01245),Kylie Crème Lipstick (00006103),P_US_ULTA,116.0,36,0.5416666666666666,1.5060144407224902,-0.9926823113802675,0.5094506736454189,0.5289328657314629,0.42857142857142855,True,LUMPY / EVENT-DRIVEN,50,FAIR
Kylie Makeup,Lips (01245),Kylie High Gloss (00006100),P_US_ALL_OTHERS,26218.0,36,1.0,0.8612814505780498,-0.4953904190003272,-0.15837414652459844,0.36931244003837543,0.0034588923942377135,True,DECLINING,65,GOOD
Kylie Makeup,Lips (01245),Kylie High Gloss (00006100),P_US_ULTA,54258.0,36,1.0,2.1059550311330275,-0.6679193086395574,0.4264697960779279,0.5447975152311552,0.0001658466471336171,True,LUMPY / EVENT-DRIVEN,60,GOOD
Kylie Makeup,Lips (01245),Kylie Lip Blush (00006098),P_US_ALL_OTHERS,41.0,36,0.5416666666666666,1.3461507442868939,-0.9884016973125884,0.05017623978653627,0.45553691275167785,0.6746031746031746,True,LUMPY / EVENT-DRIVEN,30,LOW
Kylie Makeup,Lips (01245),Kylie Lip Crayon (00006215),P_US_ALL_OTHERS,163.0,36,0.5833333333333334,1.3922978754171522,-0.8562610229276896,-0.30623941318082437,0.5080956052428681,0.6953271028037383,True,LUMPY / EVENT-DRIVEN,25,LOW
Kylie Makeup,Lips (01245),Kylie Lip Crayon (00006215),P_US_ULTA,9.0,36,0.4583333333333333,2.7266141310746734,-0.9994886944665379,-0.2308506957586352,0.8763272954403498,0.5,True,INTERMITTENT,20,LOW
Kylie Makeup,Lips (01245),Kylie Lip Liner (00006099),P_US_ALL_OTHERS,0.0,36,0.2916666666666667,2.041496665806554,-1.0,,0.7399232245681382,0.0,True,INTERMITTENT,20,LOW
Kylie Makeup,Lips (01245),Kylie Lip Liner (00006099),P_US_ULTA,0.0,36,0.375,1.76578484868312,-1.0,,0.648686030428769,0.0,False,INTERMITTENT,10,LOW
Kylie Makeup,Lips (01245),Kylie Matte Lip Kit (00006094),P_US_ALL_OTHERS,112159.0,36,1.0,0.7286906589325112,-0.47049853649324896,-0.5649539105554031,0.30777303467200035,0.012710931929614535,True,DECLINING,65,GOOD
Kylie Makeup,Lips (01245),Kylie Matte Lip Kit (00006094),P_US_ULTA,381230.0,36,1.0,0.48119268905472906,-0.409708082429978,0.2695946456384161,0.2490168568043051,0.029262429912253453,True,DECLINING,90,HIGH
Kylie Makeup,Lips (01245),Kylie Matte Lipstick (00006102),P_US_ALL_OTHERS,122.0,35,0.5416666666666666,1.3893164748600435,-0.9865712713263621,0.7066795706442129,0.5109156076898013,0.6737967914438503,True,LUMPY / EVENT-DRIVEN,50,FAIR
Kylie Makeup,Lips (01245),Kylie Matte Lipstick (00006102),P_US_ULTA,214.0,36,0.5416666666666666,1.4533271099051832,-0.988409250934301,0.782209806880542,0.5002944798415163,0.04888888888888889,True,LUMPY / EVENT-DRIVEN,50,FAIR
Kylie Makeup,Lips (01245),Kylie Matte Lipstick Kit (00006104),P_US_ULTA,0.0,18,0.041666666666666664,4.79583152331272,-1.0,,1.0,0.0,False,INTERMITTENT,5,LOW
Kylie Makeup,Lips (01245),Kylie Matte Liquid Lipstick (00006096),P_US_ALL_OTHERS,7599.0,36,1.0,0.5934295723097893,-0.29113805970149254,-0.14541032540569052,0.29057262951034446,0.04988747186796699,True,MODERATE,75,GOOD
Kylie Makeup,Lips (01245),Kylie Matte Liquid Lipstick (00006096),P_US_ULTA,15599.0,36,1.0,1.2310216363819342,-0.6216314551143668,0.09376173070315418,0.44638017808749514,0.28572736846925223,True,LUMPY / EVENT-DRIVEN,60,GOOD
Kylie Makeup,Lips (01245),Kylie Plumping Gloss (00006105),P_US_ULTA,33988.0,36,1.0,0.5821080398106891,-0.3567386490527471,0.3085193323463639,0.27973509933774837,0.0,True,DECLINING,90,HIGH
Kylie Makeup,Lips (01245),Kylie Plumping Lip Liner (00006746),P_US_ULTA,77834.0,23,0.9583333333333334,1.2630174595005421,-0.2367195237955145,-0.25857603341552976,0.4208067539083573,0.22239872121484588,True,LUMPY / EVENT-DRIVEN,50,FAIR
Kylie Makeup,Lips (01245),Kylie Plumping Matte Lip Kit (00006788),P_US_ULTA,55632.0,2,0.08333333333333333,3.9716034682882055,,,1.0,0.0,True,NEW / LAUNCH,10,LOW
Kylie Makeup,Lips (01245),Kylie Precision Pout Lip Liner (00006731),P_US_ALL_OTHERS,16010.0,31,1.0,0.9404639261148309,-0.11193698690925227,0.03949891410583993,0.38057465185968625,0.050358858769796545,True,MODERATE,60,GOOD
Kylie Makeup,Lips (01245),Kylie Precision Pout Lip Liner (00006731),P_US_ULTA,165880.0,32,1.0,0.5064542752156509,0.21361105623962015,-0.044644734142374264,0.26818216371466436,0.13422443983987223,True,MODERATE,75,GOOD
Kylie Makeup,Lips (01245),Kylie Supple Kiss Lip Glaze (00006711),P_US_ALL_OTHERS,63416.0,26,1.0,1.503799254271202,2.9521376043873864,-0.07611506561332462,0.5915531952379753,0.00752773995649248,True,LUMPY / EVENT-DRIVEN,45,FAIR
Kylie Makeup,Lips (01245),Kylie Supple Kiss Lip Glaze (00006711),P_US_ULTA,127649.0,27,0.9583333333333334,0.8223748488922642,0.16589335622819357,0.3647253592083775,0.2940013072722289,0.0,True,MODERATE,80,HIGH
Kylie Makeup,Lips (01245),Kylie Supple Kiss Precision Lip Kit (00007015),P_US_ALL_OTHERS,27064.0,14,0.5833333333333334,1.4524479423193224,2.02121009153829,-0.13329943801648084,0.5234023652212537,0.10929735066644726,True,LUMPY / EVENT-DRIVEN,20,LOW
Kylie Makeup,Lips (01245),Kylie Supple Kiss Precision Lip Kit (00007015),P_US_ULTA,255592.0,14,0.5833333333333334,0.9064951975168507,3.163278603075319,0.16759259767595022,0.2962420816192615,0.38795019157088123,True,MODERATE,35,LOW
Kylie Makeup,Lips (01245),Kylie Tinted butter balm (00006700),P_US_ALL_OTHERS,6521.0,36,1.0,0.9353799984096206,-0.602014037229173,0.25050000270908174,0.38719112896184404,0.0,True,DECLINING,70,GOOD
Kylie Makeup,Lips (01245),Kylie Tinted butter balm (00006700),P_US_ULTA,63602.0,36,1.0,0.905725290587043,-0.39901729188320895,-0.20406520774229567,0.3816457339817744,0.015845015937857827,True,DECLINING,55,FAIR
Kylie Makeup,Lips (01245),Kylie Transformative Lip Tint (00006724),P_US_ULTA,896.0,26,0.3333333333333333,3.7516662964608134,-0.7878787878787878,-0.04277400496448357,0.8875,0.0,True,INTERMITTENT,20,LOW
Kylie Makeup,Lips (01245),Kylie Velvet Lip Kit (00006095),P_US_ALL_OTHERS,9396.0,36,1.0,0.4059303140818873,-0.11840870707449803,0.004338817953507561,0.2027525680662212,0.11641903328944894,True,MODERATE,80,HIGH
Kylie Makeup,Lips (01245),Kylie Velvet Lip Kit (00006095),P_US_ULTA,58442.0,36,1.0,0.5282037063969606,-0.18925142888851895,0.11596256895446526,0.2518118995449182,0.20661942385490484,True,MODERATE,80,HIGH
Kylie Makeup,Lips (01245),Lips Multi (00006013),P_US_ALL_OTHERS,2763.0,36,1.0,1.8944729326127216,-0.8238219728368297,0.7278249589011713,0.5604467093136724,0.11725239616613418,True,LUMPY / EVENT-DRIVEN,70,GOOD
Kylie Makeup,Lips (01245),Lips Multi (00006013),P_US_ULTA,145978.0,36,0.9166666666666666,2.149738767762871,0.933842036934001,-0.14602406801853737,0.825578875121916,0.004073000170561146,True,LUMPY / EVENT-DRIVEN,45,FAIR
